prodgroup3,dlcp,sdd_sequence,operation,wip,yield,shipout,commit1,commit2,qtg1,qtg2,qps1,qps2,stg1,stg2
ARLH682,FF,10,1209,0.0,1.0,32.007,78.766,80.505,-57.977,26.729,-57.977,1.831,0.6,14.6
ARLH682,FF,20,1204,34.125,1.0,32.007,78.766,80.505,-23.852,60.854,-23.852,4.112,0.8,14.8
ARLH682,FF,30,5651,3.583,1.0,32.007,78.766,80.505,-20.269,64.437,-20.269,4.325,0.9,14.9
ARLH682,FF,40,2004,1.789,1.0,32.007,78.766,80.505,-18.48,66.226,-16.8,4.386,1.1,15.1
ARLH682,FF,50,1225,5.375,1.0,32.007,78.766,80.505,-13.105,71.601,-9.361,4.649,1.4,15.4
ARLH682,FF,60,1987,0.0,1.0,32.007,78.766,80.505,-13.105,71.601,-8.191,4.59,1.6,15.6
ARLH682,FF,70,2135,1.792,1.0,32.007,78.766,80.505,-11.313,73.393,-5.954,4.616,1.9,15.9
ARLH682,FF,80,730,0.0,1.0,32.007,78.766,80.505,-11.313,73.393,-5.657,4.587,2.0,16.0
ARLH682,FF,90,1429,0.0,1.0,32.007,78.766,80.505,-11.313,73.393,-5.387,4.559,2.1,16.1
ARLH682,FF,100,970,3.566,1.0,32.007,78.766,80.505,-7.747,76.959,-3.228,4.693,2.4,16.4
ARLH682,FF,110,1430,0.0,1.0,32.007,78.766,80.505,-7.747,76.959,-2.98,4.636,2.6,16.6
ARLH682,FF,120,1237,0.0,1.0,32.007,78.766,80.505,-7.747,76.959,-2.869,4.608,2.7,16.7
ARLH682,FF,130,1253,0.0,1.0,32.007,78.766,80.505,-7.747,76.959,-2.869,4.608,2.7,16.7
ARLH682,FF,140,1299,0.0,1.0,32.007,78.766,80.505,-7.747,76.959,-2.767,4.581,2.8,16.8
ARLH682,FF,150,5653,0.0,1.0,32.007,78.766,80.505,-7.747,76.959,-2.672,4.554,2.9,16.9
ARLH682,FF,160,2171,0.0,1.0,32.007,78.766,80.505,-7.747,76.959,-2.421,4.474,3.2,17.2
ARLH682,FF,170,2151,0.0,1.0,32.007,78.766,80.505,-7.747,76.959,-2.279,4.423,3.4,17.4
ARLH682,FF,180,2436,0.0,1.0,32.007,78.766,80.505,-7.747,76.959,-2.214,4.398,3.5,17.5
ARLH682,FF,190,2150,0.0,1.0,32.007,78.766,80.505,-7.747,76.959,-1.987,4.299,3.9,17.9
ARLH682,FF,200,2133,0.0,1.0,32.007,78.766,80.505,-7.747,76.959,-1.845,4.229,4.2,18.2
ARLH682,FF,210,2172,0.0,1.0,32.007,78.766,80.505,-7.747,76.959,-1.722,4.16,4.5,18.5
ARLH682,FF,220,5001,0.0,1.0,32.007,78.766,80.505,-7.747,76.959,-1.684,4.138,4.6,18.6
ARLH682,FF,230,11,0.0,1.0,32.007,78.766,80.505,-7.747,76.959,-1.614,4.094,4.8,18.8
ARLH682,FF,240,7652,0.0,1.0,32.007,78.766,80.505,-7.747,76.959,-1.614,4.094,4.8,18.8
ARLH682,FF,250,7653,0.0,1.0,32.007,78.766,80.505,-7.747,76.959,-1.614,4.094,4.8,18.8
ARLH682,FF,260,7654,0.0,1.0,32.007,78.766,80.505,-7.747,76.959,-1.614,4.094,4.8,18.8
ARLH682,FF,270,7655,0.0,1.0,32.007,78.766,80.505,-7.747,76.959,-1.614,4.094,4.8,18.8
ARLH682,FF,280,7820,26.183,1.0,32.007,78.766,80.505,18.436,103.142,2.926,5.081,6.3,20.3
ARLH682,FF,290,7821,0.0,1.0,32.007,78.766,80.505,18.436,103.142,2.926,5.081,6.3,20.3
ARLH682,FF,300,7827,0.0,1.0,32.007,78.766,80.505,18.436,103.142,2.926,5.081,6.3,20.3
ARLH682,FF,310,7060,3.227,1.0,32.007,78.766,80.505,21.663,106.369,3.438,5.24,6.3,20.3
ARLH682,FF,320,8585,0.0,1.0,32.007,78.766,80.505,21.663,106.369,3.385,5.214,6.4,20.4
ARLH682,FF,330,8785,0.0,1.0,32.007,78.766,80.505,21.663,106.369,3.385,5.214,6.4,20.4
ARLH682,FF,340,8780,0.0,1.0,32.007,78.766,80.505,21.663,106.369,3.385,5.214,6.4,20.4
ARLH682,FF,350,8832,1.791,1.0,32.007,78.766,80.505,23.454,108.16,3.608,5.276,6.5,20.5
ARLH682,FF,360,8834,0.0,1.0,32.007,78.766,80.505,23.454,108.16,3.608,5.276,6.5,20.5
ARLH682,FF,370,7571,0.0,0.96,32.007,78.766,80.505,23.454,108.16,3.449,5.2,6.8,20.8
ARLH682,FF,380,3777,0.0,1.0,32.007,78.766,80.505,22.515,103.834,3.311,4.992,6.8,20.8
ARLH682,FF,390,7391,0.0,1.0,32.007,78.766,80.505,22.515,103.834,3.311,4.992,6.8,20.8
ARLH682,FF,400,7200,0.0,1.0,32.007,78.766,80.505,22.515,103.834,3.216,4.944,7.0,21.0
ARLH682,FF,410,5006,0.0,1.0,32.007,78.766,80.505,22.515,103.834,3.216,4.944,7.0,21.0
ARLH682,FF,420,7290,14.38,1.0,32.007,78.766,80.505,36.895,118.214,5.271,5.629,7.0,21.0
ARLH682,FF,430,488,0.0,1.0,32.007,78.766,80.505,36.895,118.214,5.271,5.629,7.0,21.0
ARLH682,FF,440,8795,0.0,1.0,32.007,78.766,80.505,36.895,118.214,5.271,5.629,7.0,21.0
ARLH682,FF,450,6970,4.342,0.99,32.007,78.766,80.505,41.237,122.556,5.155,5.571,8.0,22.0
ARLH682,FF,460,7899,0.0,1.0,32.007,78.766,80.505,40.825,121.33,5.103,5.515,8.0,22.0
ARLH682,FF,470,7295,0.0,1.0,32.007,78.766,80.505,40.825,121.33,5.103,5.515,8.0,22.0
ARLH682,FF,480,6274,0.0,1.0,32.007,78.766,80.505,40.825,121.33,4.979,5.465,8.2,22.2
ARLH682,FF,490,6275,0.0,1.0,32.007,78.766,80.505,40.825,121.33,4.979,5.465,8.2,22.2
ARLH682,FF,500,6676,0.0,1.0,32.007,78.766,80.505,40.825,121.33,4.919,5.441,8.3,22.3
ARLH682,FF,510,6379,0.0,1.0,32.007,78.766,80.505,40.825,121.33,4.919,5.441,8.3,22.3
ARLH682,FF,520,7906,0.0,1.0,32.007,78.766,80.505,40.825,121.33,4.919,5.441,8.3,22.3
ARLH682,FF,530,1007,3.108,1.0,32.007,78.766,80.505,43.933,124.438,5.23,5.555,8.4,22.4
ARLH682,FF,540,6547,0.0,1.0,32.007,78.766,80.505,43.933,124.438,5.23,5.555,8.4,22.4
ARLH682,FF,550,8792,0.0,1.0,32.007,78.766,80.505,43.933,124.438,5.23,5.555,8.4,22.4
ARLH682,FF,560,1793,0.0,1.0,32.007,78.766,80.505,43.933,124.438,5.23,5.555,8.4,22.4
ARLH682,FF,570,7226,0.0,1.0,32.007,78.766,80.505,43.933,124.438,5.23,5.555,8.4,22.4
ARLH682,FF,580,7356,0.0,1.0,32.007,78.766,80.505,43.933,124.438,5.169,5.531,8.5,22.5
ARLH682,FF,590,7333,0.0,1.0,32.007,78.766,80.505,43.933,124.438,5.169,5.531,8.5,22.5
ARLH682,FF,600,7000,0.0,1.0,32.007,78.766,80.505,43.933,124.438,5.169,5.531,8.5,22.5
ARLH682,FF,610,8581,0.0,1.0,32.007,78.766,80.505,43.933,124.438,5.108,5.506,8.6,22.6
ARLH682,FF,620,7354,0.0,1.0,32.007,78.766,80.505,43.933,124.438,5.108,5.506,8.6,22.6
ARLH682,FF,630,7475,2.826,1.0,32.007,78.766,80.505,46.759,127.264,5.375,5.606,8.7,22.7
ARLH682,FF,640,7345,0.0,1.0,32.007,78.766,80.505,46.759,127.264,5.375,5.606,8.7,22.7
ARLH682,FF,650,7399,0.0,1.0,32.007,78.766,80.505,46.759,127.264,5.314,5.582,8.8,22.8
ARLR816L,FF,10,1209,0.0,1.0,127.468,262.311,268.669,-138.337,144.353,-138.337,10.614,-0.4,13.6
ARLR816L,FF,20,1204,70.298,1.0,127.468,262.311,268.669,-68.039,214.651,-68.039,15.554,-0.2,13.8
ARLR816L,FF,30,5651,5.854,1.0,127.468,262.311,268.669,-62.185,220.505,-62.185,15.864,-0.1,13.9
ARLR816L,FF,40,2004,4.704,1.0,127.468,262.311,268.669,-57.481,225.209,-57.481,15.972,0.1,14.1
ARLR816L,FF,50,1225,12.541,1.0,127.468,262.311,268.669,-44.94,237.75,-44.94,16.51,0.4,14.4
ARLR816L,FF,60,1987,1.568,1.0,127.468,262.311,268.669,-43.372,239.318,-43.372,16.392,0.6,14.6
ARLR816L,FF,70,2135,1.568,1.0,127.468,262.311,268.669,-41.804,240.886,-41.804,16.167,0.9,14.9
ARLR816L,FF,80,730,1.568,1.0,127.468,262.311,268.669,-40.236,242.454,-40.236,16.164,1.0,15.0
ARLR816L,FF,90,1429,0.0,1.0,127.468,262.311,268.669,-40.236,242.454,-36.578,16.057,1.1,15.1
ARLR816L,FF,100,970,6.268,1.0,127.468,262.311,268.669,-33.968,248.722,-24.263,16.151,1.4,15.4
ARLR816L,FF,110,1430,0.0,1.0,127.468,262.311,268.669,-33.968,248.722,-21.23,15.944,1.6,15.6
ARLR816L,FF,120,1237,0.0,1.0,127.468,262.311,268.669,-33.968,248.722,-19.981,15.842,1.7,15.7
ARLR816L,FF,130,2237,0.0,1.0,127.468,262.311,268.669,-33.968,248.722,-19.981,15.842,1.7,15.7
ARLR816L,FF,140,5653,0.0,1.0,127.468,262.311,268.669,-33.968,248.722,-17.878,15.643,1.9,15.9
ARLR816L,FF,150,2171,0.0,1.0,127.468,262.311,268.669,-33.968,248.722,-15.44,15.353,2.2,16.2
ARLR816L,FF,160,2176,9.408,1.0,127.468,262.311,268.669,-24.56,258.13,-11.164,15.934,2.2,16.2
ARLR816L,FF,170,2151,0.0,1.0,127.468,262.311,268.669,-24.56,258.13,-10.233,15.74,2.4,16.4
ARLR816L,FF,180,9668,3.132,1.0,127.468,262.311,268.669,-21.428,261.262,-8.571,15.834,2.5,16.5
ARLR816L,FF,190,2150,0.0,1.0,127.468,262.311,268.669,-21.428,261.262,-7.389,15.459,2.9,16.9
ARLR816L,FF,200,2090,17.245,1.0,127.468,262.311,268.669,-4.183,278.507,-1.307,16.192,3.2,17.2
ARLR816L,FF,210,1264,0.0,1.0,127.468,262.311,268.669,-4.183,278.507,-1.268,16.099,3.3,17.3
ARLR816L,FF,220,1501,1.568,1.0,127.468,262.311,268.669,-2.615,280.075,-0.769,16.096,3.4,17.4
ARLR816L,FF,230,2977,1.565,1.0,127.468,262.311,268.669,-1.05,281.64,-0.309,16.186,3.4,17.4
ARLR816L,FF,240,1366,6.268,1.0,127.468,262.311,268.669,5.218,287.908,1.373,16.175,3.8,17.8
ARLR816L,FF,250,2978,0.0,1.0,127.468,262.311,268.669,5.218,287.908,1.338,16.084,3.9,17.9
ARLR816L,FF,260,4992,4.702,1.0,127.468,262.311,268.669,9.92,292.61,2.544,16.347,3.9,17.9
ARLR816L,FF,270,265,3.136,1.0,127.468,262.311,268.669,13.056,295.746,3.184,16.34,4.1,18.1
ARLR816L,FF,280,2172,3.136,1.0,127.468,262.311,268.669,16.192,298.882,3.68,16.244,4.4,18.4
ARLR816L,FF,290,4513,0.0,1.0,127.468,262.311,268.669,16.192,298.882,3.598,16.156,4.5,18.5
ARLR816L,FF,300,5001,0.0,1.0,127.468,262.311,268.669,16.192,298.882,3.598,16.156,4.5,18.5
ARLR816L,FF,310,11,0.0,1.0,127.468,262.311,268.669,16.192,298.882,3.52,16.069,4.6,18.6
ARLR816L,FF,320,7652,7.839,1.0,127.468,262.311,268.669,24.031,306.721,3.814,15.109,6.3,20.3
ARLR816L,FF,330,7820,23.499,1.0,127.468,262.311,268.669,47.53,330.22,7.544,16.267,6.3,20.3
ARLR816L,FF,340,7821,0.0,1.0,127.468,262.311,268.669,47.53,330.22,7.544,16.267,6.3,20.3
ARLR816L,FF,350,7827,0.0,1.0,127.468,262.311,268.669,47.53,330.22,7.544,16.267,6.3,20.3
ARLR816L,FF,360,7060,2.909,1.0,127.468,262.311,268.669,50.439,333.129,8.006,16.41,6.3,20.3
ARLR816L,FF,370,8585,0.0,1.0,127.468,262.311,268.669,50.439,333.129,7.881,16.33,6.4,20.4
ARLR816L,FF,380,8785,0.0,1.0,127.468,262.311,268.669,50.439,333.129,7.881,16.33,6.4,20.4
ARLR816L,FF,390,8780,0.0,1.0,127.468,262.311,268.669,50.439,333.129,7.881,16.33,6.4,20.4
ARLR816L,FF,400,8832,0.0,1.0,127.468,262.311,268.669,50.439,333.129,7.76,16.25,6.5,20.5
ARLR816L,FF,410,7571,15.162,0.96,127.468,262.311,268.669,65.601,348.291,9.647,16.745,6.8,20.8
ARLR816L,FF,420,7200,0.002,1.0,127.468,262.311,268.669,62.979,334.362,8.997,15.922,7.0,21.0
ARLR816L,FF,430,3777,0.0,1.0,127.468,262.311,268.669,62.979,334.362,8.997,15.922,7.0,21.0
ARLR816L,FF,440,7290,18.073,1.0,127.468,262.311,268.669,81.052,352.435,11.579,16.783,7.0,21.0
ARLR816L,FF,450,488,0.0,1.0,127.468,262.311,268.669,81.052,352.435,11.579,16.783,7.0,21.0
ARLR816L,FF,460,5006,0.0,1.0,127.468,262.311,268.669,81.052,352.435,11.579,16.783,7.0,21.0
ARLR816L,FF,470,6970,33.425,0.99,127.468,262.311,268.669,114.477,385.86,14.677,17.7,7.8,21.8
ARLR816L,FF,480,6197,0.0,1.0,127.468,262.311,268.669,113.332,382.001,14.53,17.523,7.8,21.8
ARLR816L,FF,490,8833,0.0,1.0,127.468,262.311,268.669,113.332,382.001,14.53,17.523,7.8,21.8
ARLR816L,FF,500,6511,0.0,1.0,127.468,262.311,268.669,113.332,382.001,14.53,17.523,7.8,21.8
ARLR816L,FF,510,7899,0.0,1.0,127.468,262.311,268.669,113.332,382.001,14.53,17.523,7.8,21.8
ARLR816L,FF,520,7295,0.0,1.0,127.468,262.311,268.669,113.332,382.001,14.53,17.523,7.8,21.8
ARLR816L,FF,530,7297,0.0,1.0,127.468,262.311,268.669,113.332,382.001,14.53,17.523,7.8,21.8
ARLR816L,FF,540,7777,0.0,1.0,127.468,262.311,268.669,113.332,382.001,14.53,17.523,7.8,21.8
ARLR816L,FF,550,6274,0.0,1.0,127.468,262.311,268.669,113.332,382.001,14.53,17.523,7.8,21.8
ARLR816L,FF,560,6275,0.0,1.0,127.468,262.311,268.669,113.332,382.001,14.53,17.523,7.8,21.8
ARLR816L,FF,570,8834,0.0,1.0,127.468,262.311,268.669,113.332,382.001,14.53,17.523,7.8,21.8
ARLR816L,FF,580,6676,0.0,1.0,127.468,262.311,268.669,113.332,382.001,14.346,17.443,7.9,21.9
ARLR816L,FF,590,7300,6.84,1.0,127.468,262.311,268.669,120.172,388.841,14.479,17.437,8.3,22.3
ARLR816L,FF,600,1007,4.781,1.0,127.468,262.311,268.669,124.953,393.622,14.875,17.572,8.4,22.4
ARLR816L,FF,610,6547,0.827,1.0,127.468,262.311,268.669,125.78,394.449,14.974,17.609,8.4,22.4
ARLR816L,FF,620,8792,0.0,1.0,127.468,262.311,268.669,125.78,394.449,14.974,17.609,8.4,22.4
ARLR816L,FF,630,7333,0.0,1.0,127.468,262.311,268.669,125.78,394.449,14.974,17.609,8.4,22.4
ARLR816L,FF,640,7417,0.0,1.0,127.468,262.311,268.669,125.78,394.449,14.974,17.609,8.4,22.4
ARLR816L,FF,650,7226,1.094,1.0,127.468,262.311,268.669,126.874,395.543,14.926,17.58,8.5,22.5
ARLR816L,FF,660,7000,0.0,1.0,127.468,262.311,268.669,126.874,395.543,14.926,17.58,8.5,22.5
ARLR816L,FF,670,7472,1.109,1.0,127.468,262.311,268.669,127.983,396.652,14.882,17.551,8.6,22.6
ARLR816L,FF,680,8581,0.0,1.0,127.468,262.311,268.669,127.983,396.652,14.882,17.551,8.6,22.6
ARLR816L,FF,690,7354,0.0,1.0,127.468,262.311,268.669,127.983,396.652,14.882,17.551,8.6,22.6
ARLR816L,FF,700,7475,3.084,1.0,127.468,262.311,268.669,131.067,399.736,15.065,17.61,8.7,22.7
ARLR816L,FF,710,7345,0.0,1.0,127.468,262.311,268.669,131.067,399.736,15.065,17.61,8.7,22.7
ARLR816L,FF,720,7399,3.776,1.0,127.468,262.311,268.669,134.843,403.512,15.323,17.698,8.8,22.8
ARLS681,FF,10,1209,0.0,1.0,46.355,116.401,98.486,-66.953,36.673,-66.953,2.697,-0.4,13.6
ARLS681,FF,20,1204,38.237,1.0,46.355,116.401,98.486,-28.716,74.91,-28.716,5.428,-0.2,13.8
ARLS681,FF,30,5651,2.928,1.0,46.355,116.401,98.486,-25.788,77.838,-25.788,5.6,-0.1,13.9
ARLS681,FF,40,2004,1.465,1.0,46.355,116.401,98.486,-24.323,79.303,-24.323,5.624,0.1,14.1
ARLS681,FF,50,1225,4.408,1.0,46.355,116.401,98.486,-19.915,83.711,-19.915,5.813,0.4,14.4
ARLS681,FF,60,1987,0.0,1.0,46.355,116.401,98.486,-19.915,83.711,-19.915,5.734,0.6,14.6
ARLS681,FF,70,2135,1.469,1.0,46.355,116.401,98.486,-18.446,85.18,-18.446,5.717,0.9,14.9
ARLS681,FF,80,730,0.0,1.0,46.355,116.401,98.486,-18.446,85.18,-18.446,5.679,1.0,15.0
ARLS681,FF,90,1429,0.0,1.0,46.355,116.401,98.486,-18.446,85.18,-16.769,5.641,1.1,15.1
ARLS681,FF,100,970,2.934,1.0,46.355,116.401,98.486,-15.512,88.114,-11.08,5.722,1.4,15.4
ARLS681,FF,110,1430,1.469,1.0,46.355,116.401,98.486,-14.043,89.583,-8.777,5.743,1.6,15.6
ARLS681,FF,120,1237,0.0,1.0,46.355,116.401,98.486,-14.043,89.583,-8.26,5.706,1.7,15.7
ARLS681,FF,130,2237,0.0,1.0,46.355,116.401,98.486,-14.043,89.583,-8.26,5.706,1.7,15.7
ARLS681,FF,140,5653,0.0,1.0,46.355,116.401,98.486,-14.043,89.583,-7.391,5.634,1.9,15.9
ARLS681,FF,150,2171,0.0,1.0,46.355,116.401,98.486,-14.043,89.583,-6.383,5.53,2.2,16.2
ARLS681,FF,160,2176,2.94,1.0,46.355,116.401,98.486,-11.103,92.523,-5.047,5.711,2.2,16.2
ARLS681,FF,170,2151,0.0,1.0,46.355,116.401,98.486,-11.103,92.523,-4.626,5.642,2.4,16.4
ARLS681,FF,180,9668,0.0,1.0,46.355,116.401,98.486,-11.103,92.523,-4.441,5.607,2.5,16.5
ARLS681,FF,190,2150,0.0,1.0,46.355,116.401,98.486,-11.103,92.523,-3.829,5.475,2.9,16.9
ARLS681,FF,200,2090,23.125,1.0,46.355,116.401,98.486,12.022,115.648,3.757,6.724,3.2,17.2
ARLS681,FF,210,1264,0.0,1.0,46.355,116.401,98.486,12.022,115.648,3.643,6.685,3.3,17.3
ARLS681,FF,220,1501,0.0,1.0,46.355,116.401,98.486,12.022,115.648,3.536,6.646,3.4,17.4
ARLS681,FF,230,2977,0.0,1.0,46.355,116.401,98.486,12.022,115.648,3.536,6.646,3.4,17.4
ARLS681,FF,240,1366,4.41,1.0,46.355,116.401,98.486,16.432,120.058,4.324,6.745,3.8,17.8
ARLS681,FF,250,2978,0.0,1.0,46.355,116.401,98.486,16.432,120.058,4.213,6.707,3.9,17.9
ARLS681,FF,260,4992,1.47,1.0,46.355,116.401,98.486,17.902,121.528,4.59,6.789,3.9,17.9
ARLS681,FF,270,265,0.0,1.0,46.355,116.401,98.486,17.902,121.528,4.366,6.714,4.1,18.1
ARLS681,FF,280,2172,4.409,1.0,46.355,116.401,98.486,22.311,125.937,5.071,6.844,4.4,18.4
ARLS681,FF,290,4513,0.0,1.0,46.355,116.401,98.486,22.311,125.937,4.958,6.807,4.5,18.5
ARLS681,FF,300,5001,0.0,1.0,46.355,116.401,98.486,22.311,125.937,4.958,6.807,4.5,18.5
ARLS681,FF,310,11,0.0,1.0,46.355,116.401,98.486,22.311,125.937,4.85,6.771,4.6,18.6
ARLS681,FF,320,7820,2.936,1.0,46.355,116.401,98.486,25.247,128.873,4.008,6.348,6.3,20.3
ARLS681,FF,330,7821,0.0,1.0,46.355,116.401,98.486,25.247,128.873,4.008,6.348,6.3,20.3
ARLS681,FF,340,7827,0.0,1.0,46.355,116.401,98.486,25.247,128.873,4.008,6.348,6.3,20.3
ARLS681,FF,350,7060,0.0,1.0,46.355,116.401,98.486,25.247,128.873,4.008,6.348,6.3,20.3
ARLS681,FF,360,8585,0.0,1.0,46.355,116.401,98.486,25.247,128.873,3.945,6.317,6.4,20.4
ARLS681,FF,370,8785,0.0,1.0,46.355,116.401,98.486,25.247,128.873,3.945,6.317,6.4,20.4
ARLS681,FF,380,8780,0.0,1.0,46.355,116.401,98.486,25.247,128.873,3.945,6.317,6.4,20.4
ARLS681,FF,390,8832,0.0,1.0,46.355,116.401,98.486,25.247,128.873,3.884,6.286,6.5,20.5
ARLS681,FF,400,7571,2.932,0.96,46.355,116.401,98.486,28.179,131.805,4.144,6.337,6.8,20.8
ARLS681,FF,410,7200,0.0,1.0,46.355,116.401,98.486,27.052,126.533,3.865,6.025,7.0,21.0
ARLS681,FF,420,3777,0.0,1.0,46.355,116.401,98.486,27.052,126.533,3.865,6.025,7.0,21.0
ARLS681,FF,430,7290,23.432,1.0,46.355,116.401,98.486,50.484,149.965,7.212,7.141,7.0,21.0
ARLS681,FF,440,488,0.0,1.0,46.355,116.401,98.486,50.484,149.965,7.212,7.141,7.0,21.0
ARLS681,FF,450,5006,0.0,1.0,46.355,116.401,98.486,50.484,149.965,7.212,7.141,7.0,21.0
ARLS681,FF,460,6970,8.93,0.99,46.355,116.401,98.486,59.414,158.895,7.617,7.289,7.8,21.8
ARLS681,FF,470,7899,0.0,1.0,46.355,116.401,98.486,58.82,157.306,7.541,7.216,7.8,21.8
ARLS681,FF,480,7295,0.0,1.0,46.355,116.401,98.486,58.82,157.306,7.541,7.216,7.8,21.8
ARLS681,FF,490,7297,0.0,1.0,46.355,116.401,98.486,58.82,157.306,7.541,7.216,7.8,21.8
ARLS681,FF,500,6274,0.0,1.0,46.355,116.401,98.486,58.82,157.306,7.541,7.216,7.8,21.8
ARLS681,FF,510,6275,0.0,1.0,46.355,116.401,98.486,58.82,157.306,7.541,7.216,7.8,21.8
ARLS681,FF,520,6676,0.0,1.0,46.355,116.401,98.486,58.82,157.306,7.446,7.183,7.9,21.9
ARLS681,FF,530,7300,3.618,1.0,46.355,116.401,98.486,62.438,160.924,7.523,7.216,8.3,22.3
ARLS681,FF,540,1007,1.351,1.0,46.355,116.401,98.486,63.789,162.275,7.594,7.244,8.4,22.4
ARLS681,FF,550,6547,0.0,1.0,46.355,116.401,98.486,63.789,162.275,7.594,7.244,8.4,22.4
ARLS681,FF,560,8792,0.0,1.0,46.355,116.401,98.486,63.789,162.275,7.594,7.244,8.4,22.4
ARLS681,FF,570,7333,0.0,1.0,46.355,116.401,98.486,63.789,162.275,7.594,7.244,8.4,22.4
ARLS681,FF,580,7417,0.0,1.0,46.355,116.401,98.486,63.789,162.275,7.594,7.244,8.4,22.4
ARLS681,FF,590,7226,0.0,1.0,46.355,116.401,98.486,63.789,162.275,7.505,7.212,8.5,22.5
ARLS681,FF,600,7000,0.0,1.0,46.355,116.401,98.486,63.789,162.275,7.505,7.212,8.5,22.5
ARLS681,FF,610,7472,1.367,1.0,46.355,116.401,98.486,65.156,163.642,7.576,7.241,8.6,22.6
ARLS681,FF,620,8581,0.0,1.0,46.355,116.401,98.486,65.156,163.642,7.576,7.241,8.6,22.6
ARLS681,FF,630,7354,0.0,1.0,46.355,116.401,98.486,65.156,163.642,7.576,7.241,8.6,22.6
ARLS681,FF,640,7475,2.634,1.0,46.355,116.401,98.486,67.79,166.276,7.792,7.325,8.7,22.7
ARLS681,FF,650,7345,0.0,1.0,46.355,116.401,98.486,67.79,166.276,7.792,7.325,8.7,22.7
ARLS681,FF,660,7399,2.256,1.0,46.355,116.401,98.486,70.046,168.532,7.96,7.392,8.8,22.8
ARLS816L,FF,10,1209,0.0,1.0,0.0,0.0,24.18,-16.597,8.845,-16.597,0.65,-0.4,13.6
ARLS816L,FF,20,1204,0.0,1.0,0.0,0.0,24.18,-16.597,8.845,-16.597,0.641,-0.2,13.8
ARLS816L,FF,30,5651,0.0,1.0,0.0,0.0,24.18,-16.597,8.845,-16.597,0.636,-0.1,13.9
ARLS816L,FF,40,2004,0.0,1.0,0.0,0.0,24.18,-16.597,8.845,-16.597,0.627,0.1,14.1
ARLS816L,FF,50,1225,0.0,1.0,0.0,0.0,24.18,-16.597,8.845,-16.597,0.614,0.4,14.4
ARLS816L,FF,60,1253,0.0,1.0,0.0,0.0,24.18,-16.597,8.845,-16.597,0.614,0.4,14.4
ARLS816L,FF,70,1299,0.0,1.0,0.0,0.0,24.18,-16.597,8.845,-16.597,0.67,-0.8,13.2
ARLS816L,FF,80,1987,0.0,1.0,0.0,0.0,24.18,-16.597,8.845,-16.597,0.606,0.6,14.6
ARLS816L,FF,90,2135,0.0,1.0,0.0,0.0,24.18,-16.597,8.845,-16.597,0.594,0.9,14.9
ARLS816L,FF,100,730,0.0,1.0,0.0,0.0,24.18,-16.597,8.845,-16.597,0.59,1.0,15.0
ARLS816L,FF,110,1429,0.0,1.0,0.0,0.0,24.18,-16.597,8.845,-15.088,0.586,1.1,15.1
ARLS816L,FF,120,970,0.0,1.0,0.0,0.0,24.18,-16.597,8.845,-11.855,0.574,1.4,15.4
ARLS816L,FF,130,1430,0.0,1.0,0.0,0.0,24.18,-16.597,8.845,-10.373,0.567,1.6,15.6
ARLS816L,FF,140,1237,0.0,1.0,0.0,0.0,24.18,-16.597,8.845,-9.763,0.563,1.7,15.7
ARLS816L,FF,150,2237,0.0,1.0,0.0,0.0,24.18,-16.597,8.845,-9.763,0.563,1.7,15.7
ARLS816L,FF,160,5653,0.0,1.0,0.0,0.0,24.18,-16.597,8.845,-8.735,0.556,1.9,15.9
ARLS816L,FF,170,2171,0.0,1.0,0.0,0.0,24.18,-16.597,8.845,-7.544,0.546,2.2,16.2
ARLS816L,FF,180,2176,0.0,1.0,0.0,0.0,24.18,-16.597,8.845,-7.544,0.546,2.2,16.2
ARLS816L,FF,190,2151,0.0,1.0,0.0,0.0,24.18,-16.597,8.845,-6.915,0.539,2.4,16.4
ARLS816L,FF,200,9668,0.0,1.0,0.0,0.0,24.18,-16.597,8.845,-6.639,0.536,2.5,16.5
ARLS816L,FF,210,2150,0.0,1.0,0.0,0.0,24.18,-16.597,8.845,-5.723,0.523,2.9,16.9
ARLS816L,FF,220,2090,0.0,1.0,0.0,0.0,24.18,-16.597,8.845,-5.187,0.514,3.2,17.2
ARLS816L,FF,230,1264,0.0,1.0,0.0,0.0,24.18,-16.597,8.845,-5.029,0.511,3.3,17.3
ARLS816L,FF,240,1501,0.0,1.0,0.0,0.0,24.18,-16.597,8.845,-4.881,0.508,3.4,17.4
ARLS816L,FF,250,2977,0.0,1.0,0.0,0.0,24.18,-16.597,8.845,-4.881,0.508,3.4,17.4
ARLS816L,FF,260,1366,0.0,1.0,0.0,0.0,24.18,-16.597,8.845,-4.368,0.497,3.8,17.8
ARLS816L,FF,270,2978,0.0,1.0,0.0,0.0,24.18,-16.597,8.845,-4.256,0.494,3.9,17.9
ARLS816L,FF,280,4992,0.0,1.0,0.0,0.0,24.18,-16.597,8.845,-4.256,0.494,3.9,17.9
ARLS816L,FF,290,265,0.0,1.0,0.0,0.0,24.18,-16.597,8.845,-4.048,0.489,4.1,18.1
ARLS816L,FF,300,2172,0.0,1.0,0.0,0.0,24.18,-16.597,8.845,-3.772,0.481,4.4,18.4
ARLS816L,FF,310,4513,0.0,1.0,0.0,0.0,24.18,-16.597,8.845,-3.688,0.478,4.5,18.5
ARLS816L,FF,320,5001,0.0,1.0,0.0,0.0,24.18,-16.597,8.845,-3.688,0.478,4.5,18.5
ARLS816L,FF,330,11,0.0,1.0,0.0,0.0,24.18,-16.597,8.845,-3.608,0.476,4.6,18.6
ARLS816L,FF,340,7820,0.0,1.0,0.0,0.0,24.18,-16.597,8.845,-2.634,0.436,6.3,20.3
ARLS816L,FF,350,7821,0.0,1.0,0.0,0.0,24.18,-16.597,8.845,-2.634,0.436,6.3,20.3
ARLS816L,FF,360,7827,0.0,1.0,0.0,0.0,24.18,-16.597,8.845,-2.634,0.436,6.3,20.3
ARLS816L,FF,370,7060,0.0,1.0,0.0,0.0,24.18,-16.597,8.845,-2.634,0.436,6.3,20.3
ARLS816L,FF,380,8585,0.0,1.0,0.0,0.0,24.18,-16.597,8.845,-2.593,0.434,6.4,20.4
ARLS816L,FF,390,8785,0.0,1.0,0.0,0.0,24.18,-16.597,8.845,-2.593,0.434,6.4,20.4
ARLS816L,FF,400,8780,0.0,1.0,0.0,0.0,24.18,-16.597,8.845,-2.593,0.434,6.4,20.4
ARLS816L,FF,410,8832,0.0,1.0,0.0,0.0,24.18,-16.597,8.845,-2.553,0.431,6.5,20.5
ARLS816L,FF,420,7571,0.0,0.96,0.0,0.0,24.18,-16.597,8.845,-2.441,0.425,6.8,20.8
ARLS816L,FF,430,7200,0.0,1.0,0.0,0.0,24.18,-15.933,8.491,-2.276,0.404,7.0,21.0
ARLS816L,FF,440,3777,0.0,1.0,0.0,0.0,24.18,-15.933,8.491,-2.276,0.404,7.0,21.0
ARLS816L,FF,450,7290,15.933,1.0,0.0,0.0,24.18,0.0,24.424,0.0,1.163,7.0,21.0
ARLS816L,FF,460,488,0.0,1.0,0.0,0.0,24.18,0.0,24.424,0.0,1.163,7.0,21.0
ARLS816L,FF,470,6197,0.0,1.0,0.0,0.0,24.18,0.0,24.424,0.0,1.163,7.0,21.0
ARLS816L,FF,480,6511,0.0,1.0,0.0,0.0,24.18,0.0,24.424,0.0,1.163,7.0,21.0
ARLS816L,FF,490,5006,0.0,1.0,0.0,0.0,24.18,0.0,24.424,0.0,1.163,7.0,21.0
ARLS816L,FF,500,6970,0.0,0.99,0.0,0.0,24.18,0.0,24.424,0.0,1.12,7.8,21.8
ARLS816L,FF,510,7899,0.0,1.0,0.0,0.0,24.18,0.0,24.18,0.0,1.109,7.8,21.8
ARLS816L,FF,520,7295,0.0,1.0,0.0,0.0,24.18,0.0,24.18,0.0,1.109,7.8,21.8
ARLS816L,FF,530,7297,0.0,1.0,0.0,0.0,24.18,0.0,24.18,0.0,1.109,7.8,21.8
ARLS816L,FF,540,6274,0.0,1.0,0.0,0.0,24.18,0.0,24.18,0.0,1.109,7.8,21.8
ARLS816L,FF,550,6275,0.0,1.0,0.0,0.0,24.18,0.0,24.18,0.0,1.109,7.8,21.8
ARLS816L,FF,560,6676,0.0,1.0,0.0,0.0,24.18,0.0,24.18,0.0,1.104,7.9,21.9
ARLS816L,FF,570,7300,0.0,1.0,0.0,0.0,24.18,0.0,24.18,0.0,1.084,8.3,22.3
ARLS816L,FF,580,1007,0.0,1.0,0.0,0.0,24.18,0.0,24.18,0.0,1.079,8.4,22.4
ARLS816L,FF,590,6547,0.0,1.0,0.0,0.0,24.18,0.0,24.18,0.0,1.079,8.4,22.4
ARLS816L,FF,600,8792,0.0,1.0,0.0,0.0,24.18,0.0,24.18,0.0,1.079,8.4,22.4
ARLS816L,FF,610,7333,0.0,1.0,0.0,0.0,24.18,0.0,24.18,0.0,1.079,8.4,22.4
ARLS816L,FF,620,7417,0.0,1.0,0.0,0.0,24.18,0.0,24.18,0.0,1.079,8.4,22.4
ARLS816L,FF,630,7226,0.0,1.0,0.0,0.0,24.18,0.0,24.18,0.0,1.075,8.5,22.5
ARLS816L,FF,640,7000,0.0,1.0,0.0,0.0,24.18,0.0,24.18,0.0,1.075,8.5,22.5
ARLS816L,FF,650,7472,0.0,1.0,0.0,0.0,24.18,0.0,24.18,0.0,1.07,8.6,22.6
ARLS816L,FF,660,8581,0.0,1.0,0.0,0.0,24.18,0.0,24.18,0.0,1.07,8.6,22.6
ARLS816L,FF,670,7354,0.0,1.0,0.0,0.0,24.18,0.0,24.18,0.0,1.07,8.6,22.6
ARLS816L,FF,680,7475,0.0,1.0,0.0,0.0,24.18,0.0,24.18,0.0,1.065,8.7,22.7
ARLS816L,FF,690,7345,0.0,1.0,0.0,0.0,24.18,0.0,24.18,0.0,1.065,8.7,22.7
ARLS816L,FF,700,7399,0.0,1.0,0.0,0.0,24.18,0.0,24.18,0.0,1.061,8.8,22.8
ARLU281,FF,10,1209,0.0,1.0,60.908,110.949,115.0,-41.425,78.206,-41.425,5.357,0.6,14.6
ARLU281,FF,20,1204,17.842,1.0,60.908,110.949,115.0,-23.583,96.048,-13.102,6.079,1.8,15.8
ARLU281,FF,30,5651,1.789,1.0,60.908,110.949,115.0,-21.794,97.837,-11.471,6.153,1.9,15.9
ARLU281,FF,40,2004,5.057,1.0,60.908,110.949,115.0,-16.737,102.894,-7.97,6.391,2.1,16.1
ARLU281,FF,50,1225,7.154,1.0,60.908,110.949,115.0,-9.583,110.048,-3.993,6.71,2.4,16.4
ARLU281,FF,60,1987,0.0,1.0,60.908,110.949,115.0,-9.583,110.048,-3.305,6.512,2.9,16.9
ARLU281,FF,70,2135,1.792,1.0,60.908,110.949,115.0,-7.791,111.84,-2.687,6.618,2.9,16.9
ARLU281,FF,80,730,1.792,1.0,60.908,110.949,115.0,-5.999,113.632,-2.0,6.684,3.0,17.0
ARLU281,FF,90,1429,0.0,1.0,60.908,110.949,115.0,-5.999,113.632,-1.935,6.645,3.1,17.1
ARLU281,FF,100,970,3.584,1.0,60.908,110.949,115.0,-2.415,117.216,-0.69,6.698,3.5,17.5
ARLU281,FF,110,1430,0.0,1.0,60.908,110.949,115.0,-2.415,117.216,-0.671,6.66,3.6,17.6
ARLU281,FF,120,1237,0.0,1.0,60.908,110.949,115.0,-2.415,117.216,-0.653,6.622,3.7,17.7
ARLU281,FF,130,5653,1.791,1.0,60.908,110.949,115.0,-0.624,119.007,-0.164,6.686,3.8,17.8
ARLU281,FF,140,2171,1.79,1.0,60.908,110.949,115.0,1.166,120.797,0.307,6.786,3.8,17.8
ARLU281,FF,150,2151,0.0,1.0,60.908,110.949,115.0,1.166,120.797,0.299,6.748,3.9,17.9
ARLU281,FF,160,2436,1.792,1.0,60.908,110.949,115.0,2.958,122.589,0.758,6.849,3.9,17.9
ARLU281,FF,170,2150,0.0,1.0,60.908,110.949,115.0,2.958,122.589,0.739,6.81,4.0,18.0
ARLU281,FF,180,2133,3.584,1.0,60.908,110.949,115.0,6.542,126.173,1.363,6.711,4.8,18.8
ARLU281,FF,190,2172,0.0,1.0,60.908,110.949,115.0,6.542,126.173,1.335,6.676,4.9,18.9
ARLU281,FF,200,5001,0.0,1.0,60.908,110.949,115.0,6.542,126.173,1.335,6.676,4.9,18.9
ARLU281,FF,210,11,0.0,1.0,60.908,110.949,115.0,6.542,126.173,1.335,6.676,4.9,18.9
ARLU281,FF,220,7652,0.0,1.0,60.908,110.949,115.0,6.542,126.173,1.335,6.676,4.9,18.9
ARLU281,FF,230,7653,0.0,1.0,60.908,110.949,115.0,6.542,126.173,1.335,6.676,4.9,18.9
ARLU281,FF,240,7654,0.0,1.0,60.908,110.949,115.0,6.542,126.173,1.335,6.676,4.9,18.9
ARLU281,FF,250,7655,0.0,1.0,60.908,110.949,115.0,6.542,126.173,1.335,6.676,4.9,18.9
ARLU281,FF,260,7820,5.372,1.0,60.908,110.949,115.0,11.914,131.545,1.891,6.48,6.3,20.3
ARLU281,FF,270,7821,0.0,1.0,60.908,110.949,115.0,11.914,131.545,1.891,6.48,6.3,20.3
ARLU281,FF,280,7827,0.0,1.0,60.908,110.949,115.0,11.914,131.545,1.891,6.48,6.3,20.3
ARLU281,FF,290,7060,0.0,1.0,60.908,110.949,115.0,11.914,131.545,1.891,6.48,6.3,20.3
ARLU281,FF,300,8585,0.0,1.0,60.908,110.949,115.0,11.914,131.545,1.862,6.448,6.4,20.4
ARLU281,FF,310,8785,0.0,1.0,60.908,110.949,115.0,11.914,131.545,1.862,6.448,6.4,20.4
ARLU281,FF,320,8780,0.0,1.0,60.908,110.949,115.0,11.914,131.545,1.862,6.448,6.4,20.4
ARLU281,FF,330,8832,2.715,1.0,60.908,110.949,115.0,14.629,134.26,2.251,6.549,6.5,20.5
ARLU281,FF,340,8834,0.0,1.0,60.908,110.949,115.0,14.629,134.26,2.251,6.549,6.5,20.5
ARLU281,FF,350,7571,1.786,0.971,60.908,110.949,115.0,16.415,136.046,2.414,6.541,6.8,20.8
ARLU281,FF,360,7200,0.0,1.0,60.908,110.949,115.0,15.939,132.1,2.277,6.29,7.0,21.0
ARLU281,FF,370,3777,0.0,1.0,60.908,110.949,115.0,15.939,132.1,2.277,6.29,7.0,21.0
ARLU281,FF,380,5006,0.0,1.0,60.908,110.949,115.0,15.939,132.1,2.277,6.29,7.0,21.0
ARLU281,FF,390,7290,7.451,1.0,60.908,110.949,115.0,23.39,139.551,3.341,6.645,7.0,21.0
ARLU281,FF,400,488,0.0,1.0,60.908,110.949,115.0,23.39,139.551,3.249,6.583,7.2,21.2
ARLU281,FF,410,8795,0.0,1.0,60.908,110.949,115.0,23.39,139.551,3.249,6.583,7.2,21.2
ARLU281,FF,420,6970,12.993,0.99,60.908,110.949,115.0,36.383,152.544,4.548,6.934,8.0,22.0
ARLU281,FF,430,7899,0.0,1.0,60.908,110.949,115.0,36.019,151.019,4.502,6.864,8.0,22.0
ARLU281,FF,440,7295,0.0,1.0,60.908,110.949,115.0,36.019,151.019,4.502,6.864,8.0,22.0
ARLU281,FF,450,7297,0.0,1.0,60.908,110.949,115.0,36.019,151.019,4.502,6.864,8.0,22.0
ARLU281,FF,460,6274,0.0,1.0,60.908,110.949,115.0,36.019,151.019,4.393,6.803,8.2,22.2
ARLU281,FF,470,6275,0.0,1.0,60.908,110.949,115.0,36.019,151.019,4.393,6.803,8.2,22.2
ARLU281,FF,480,6676,0.0,1.0,60.908,110.949,115.0,36.019,151.019,4.34,6.772,8.3,22.3
ARLU281,FF,490,6379,0.0,1.0,60.908,110.949,115.0,36.019,151.019,4.34,6.772,8.3,22.3
ARLU281,FF,500,7906,3.376,1.0,60.908,110.949,115.0,39.395,154.395,4.746,6.924,8.3,22.3
ARLU281,FF,510,1007,1.302,1.0,60.908,110.949,115.0,40.697,155.697,4.845,6.951,8.4,22.4
ARLU281,FF,520,6547,0.0,1.0,60.908,110.949,115.0,40.697,155.697,4.845,6.951,8.4,22.4
ARLU281,FF,530,8792,0.0,1.0,60.908,110.949,115.0,40.697,155.697,4.845,6.951,8.4,22.4
ARLU281,FF,540,1793,0.0,1.0,60.908,110.949,115.0,40.697,155.697,4.845,6.951,8.4,22.4
ARLU281,FF,550,7226,1.652,1.0,60.908,110.949,115.0,42.349,157.349,5.042,7.025,8.4,22.4
ARLU281,FF,560,7333,0.0,1.0,60.908,110.949,115.0,42.349,157.349,4.982,6.993,8.5,22.5
ARLU281,FF,570,7000,0.0,1.0,60.908,110.949,115.0,42.349,157.349,4.982,6.993,8.5,22.5
ARLU281,FF,580,8581,0.0,1.0,60.908,110.949,115.0,42.349,157.349,4.924,6.962,8.6,22.6
ARLU281,FF,590,7354,1.436,1.0,60.908,110.949,115.0,43.785,158.785,5.091,7.026,8.6,22.6
ARLU281,FF,600,7475,1.635,1.0,60.908,110.949,115.0,45.42,160.42,5.221,7.067,8.7,22.7
ARLU281,FF,610,7345,0.0,1.0,60.908,110.949,115.0,45.42,160.42,5.221,7.067,8.7,22.7
ARLU281,FF,620,7399,4.621,1.0,60.908,110.949,115.0,50.041,165.041,5.686,7.239,8.8,22.8
BTLS601,FF,10,1209,0.0,1.0,0.0,0.0,0.0,-0.387,-0.387,-0.387,-0.026,0.6,14.6
BTLS601,FF,20,1204,0.0,1.0,0.0,0.0,0.0,-0.387,-0.387,-0.387,-0.026,0.8,14.8
BTLS601,FF,30,5651,0.0,1.0,0.0,0.0,0.0,-0.387,-0.387,-0.387,-0.026,0.9,14.9
BTLS601,FF,40,2004,0.0,1.0,0.0,0.0,0.0,-0.387,-0.387,-0.352,-0.026,1.1,15.1
BTLS601,FF,50,1225,0.0,1.0,0.0,0.0,0.0,-0.387,-0.387,-0.276,-0.025,1.4,15.4
BTLS601,FF,60,1429,0.0,1.0,0.0,0.0,0.0,-0.387,-0.387,-0.258,-0.025,1.5,15.5
BTLS601,FF,70,1235,0.0,1.0,0.0,0.0,0.0,-0.387,-0.387,-0.204,-0.024,1.9,15.9
BTLS601,FF,80,1430,0.0,1.0,0.0,0.0,0.0,-0.387,-0.387,-0.204,-0.024,1.9,15.9
BTLS601,FF,90,1237,0.0,1.0,0.0,0.0,0.0,-0.387,-0.387,-0.204,-0.024,1.9,15.9
BTLS601,FF,100,1253,0.0,1.0,0.0,0.0,0.0,-0.387,-0.387,-0.204,-0.024,1.9,15.9
BTLS601,FF,110,5653,0.0,1.0,0.0,0.0,0.0,-0.387,-0.387,-0.161,-0.024,2.4,16.4
BTLS601,FF,120,2171,0.0,1.0,0.0,0.0,0.0,-0.387,-0.387,-0.155,-0.023,2.5,16.5
BTLS601,FF,130,2176,0.0,1.0,0.0,0.0,0.0,-0.387,-0.387,-0.149,-0.023,2.6,16.6
BTLS601,FF,140,1892,0.0,1.0,0.0,0.0,0.0,-0.387,-0.387,-0.138,-0.023,2.8,16.8
BTLS601,FF,150,2150,0.0,1.0,0.0,0.0,0.0,-0.387,-0.387,-0.105,-0.022,3.7,17.7
BTLS601,FF,160,2090,0.0,1.0,0.0,0.0,0.0,-0.387,-0.387,-0.102,-0.022,3.8,17.8
BTLS601,FF,170,1264,0.0,1.0,0.0,0.0,0.0,-0.387,-0.387,-0.099,-0.022,3.9,17.9
BTLS601,FF,180,1501,0.0,1.0,0.0,0.0,0.0,-0.387,-0.387,-0.092,-0.021,4.2,18.2
BTLS601,FF,190,1266,0.0,1.0,0.0,0.0,0.0,-0.387,-0.387,-0.081,-0.021,4.8,18.8
BTLS601,FF,200,1268,0.0,1.0,0.0,0.0,0.0,-0.387,-0.387,-0.081,-0.021,4.8,18.8
BTLS601,FF,210,4992,0.0,1.0,0.0,0.0,0.0,-0.387,-0.387,-0.076,-0.02,5.1,19.1
BTLS601,FF,220,265,0.0,1.0,0.0,0.0,0.0,-0.387,-0.387,-0.07,-0.02,5.5,19.5
BTLS601,FF,230,2172,0.0,1.0,0.0,0.0,0.0,-0.387,-0.387,-0.068,-0.02,5.7,19.7
BTLS601,FF,240,5001,0.0,1.0,0.0,0.0,0.0,-0.387,-0.387,-0.068,-0.02,5.7,19.7
BTLS601,FF,250,11,0.0,1.0,0.0,0.0,0.0,-0.387,-0.387,-0.068,-0.02,5.7,19.7
BTLS601,FF,260,7465,0.0,1.0,0.0,0.0,0.0,-0.387,-0.387,-0.068,-0.02,5.7,19.7
BTLS601,FF,270,7460,0.0,1.0,0.0,0.0,0.0,-0.387,-0.387,-0.068,-0.02,5.7,19.7
BTLS601,FF,280,7462,0.0,1.0,0.0,0.0,0.0,-0.387,-0.387,-0.068,-0.02,5.7,19.7
BTLS601,FF,290,7463,0.0,1.0,0.0,0.0,0.0,-0.387,-0.387,-0.068,-0.02,5.7,19.7
BTLS601,FF,300,7464,0.0,1.0,0.0,0.0,0.0,-0.387,-0.387,-0.068,-0.02,5.7,19.7
BTLS601,FF,310,7391,0.0,1.0,0.0,0.0,0.0,-0.387,-0.387,-0.068,-0.02,5.7,19.7
BTLS601,FF,320,7820,0.0,1.0,0.0,0.0,0.0,-0.387,-0.387,-0.061,-0.019,6.3,20.3
BTLS601,FF,330,7060,0.0,1.0,0.0,0.0,0.0,-0.387,-0.387,-0.057,-0.019,6.8,20.8
BTLS601,FF,340,8585,0.0,1.0,0.0,0.0,0.0,-0.387,-0.387,-0.057,-0.019,6.8,20.8
BTLS601,FF,350,8780,0.0,1.0,0.0,0.0,0.0,-0.387,-0.387,-0.057,-0.019,6.8,20.8
BTLS601,FF,360,6555,0.0,1.0,0.0,0.0,0.0,-0.387,-0.387,-0.057,-0.019,6.8,20.8
BTLS601,FF,370,7571,0.0,0.9564,0.0,0.0,0.0,-0.387,-0.387,-0.056,-0.019,6.9,20.9
BTLS601,FF,380,3777,0.0,1.0,0.0,0.0,0.0,-0.37,-0.37,-0.37,-0.042,-5.2,8.8
BTLS601,FF,390,7290,0.37,1.0,0.0,0.0,0.0,0.0,0.0,0.0,0.0,7.0,21.0
BTLS601,FF,400,6970,0.0,1.0,0.0,0.0,0.0,0.0,0.0,0.0,0.0,7.8,21.8
BTLS601,FF,410,6944,0.0,1.0,0.0,0.0,0.0,0.0,0.0,0.0,0.0,7.8,21.8
BTLS601,FF,420,7297,0.0,0.99,0.0,0.0,0.0,0.0,0.0,0.0,0.0,7.8,21.8
BTLS601,FF,430,6208,0.0,1.0,0.0,0.0,0.0,0.0,0.0,0.0,0.0,7.8,21.8
BTLS601,FF,440,6274,0.0,1.0,0.0,0.0,0.0,0.0,0.0,0.0,0.0,7.8,21.8
BTLS601,FF,450,6209,0.0,1.0,0.0,0.0,0.0,0.0,0.0,0.0,0.0,7.8,21.8
BTLS601,FF,460,6676,0.0,1.0,0.0,0.0,0.0,0.0,0.0,0.0,0.0,7.8,21.8
BTLS601,FF,470,6677,0.0,1.0,0.0,0.0,0.0,0.0,0.0,0.0,0.0,7.8,21.8
BTLS601,FF,480,6678,0.0,1.0,0.0,0.0,0.0,0.0,0.0,0.0,0.0,7.8,21.8
BTLS601,FF,490,7300,0.0,1.0,0.0,0.0,0.0,0.0,0.0,0.0,0.0,7.9,21.9
BTLS601,FF,500,1007,0.0,1.0,0.0,0.0,0.0,0.0,0.0,0.0,0.0,8.1,22.1
BTLS601,FF,510,6547,0.0,1.0,0.0,0.0,0.0,0.0,0.0,0.0,0.0,8.1,22.1
BTLS601,FF,520,8792,0.0,1.0,0.0,0.0,0.0,0.0,0.0,0.0,0.0,8.1,22.1
BTLS601,FF,530,7226,0.0,1.0,0.0,0.0,0.0,0.0,0.0,0.0,0.0,8.2,22.2
BTLS601,FF,540,7000,0.0,1.0,0.0,0.0,0.0,0.0,0.0,0.0,0.0,8.4,22.4
BTLS601,FF,550,7417,0.0,1.0,0.0,0.0,0.0,0.0,0.0,0.0,0.0,8.4,22.4
BTLS601,FF,560,7472,0.0,1.0,0.0,0.0,0.0,0.0,0.0,0.0,0.0,8.5,22.5
BTLS601,FF,570,7475,0.0,1.0,0.0,0.0,0.0,0.0,0.0,0.0,0.0,8.6,22.6
BTLS601,FF,580,7345,0.0,1.0,0.0,0.0,0.0,0.0,0.0,0.0,0.0,8.7,22.7
BTLS601,FF,590,7399,0.0,1.0,0.0,0.0,0.0,0.0,0.0,0.0,0.0,8.8,22.8
BTLS601,UV,10,1209,0.0,1.0,0.0,0.0,0.0,0.0,0.0,0.0,0.0,0.6,14.6
BTLS601,UV,20,1204,0.0,1.0,0.0,0.0,0.0,0.0,0.0,0.0,0.0,0.8,14.8
BTLS601,UV,30,5651,0.0,1.0,0.0,0.0,0.0,0.0,0.0,0.0,0.0,0.9,14.9
BTLS601,UV,40,2004,0.0,1.0,0.0,0.0,0.0,0.0,0.0,0.0,0.0,1.1,15.1
BTLS601,UV,50,1225,0.0,1.0,0.0,0.0,0.0,0.0,0.0,0.0,0.0,1.4,15.4
BTLS601,UV,60,1429,0.0,1.0,0.0,0.0,0.0,0.0,0.0,0.0,0.0,1.5,15.5
BTLS601,UV,70,1235,0.0,1.0,0.0,0.0,0.0,0.0,0.0,0.0,0.0,1.9,15.9
BTLS601,UV,80,1430,0.0,1.0,0.0,0.0,0.0,0.0,0.0,0.0,0.0,1.9,15.9
BTLS601,UV,90,1237,0.0,1.0,0.0,0.0,0.0,0.0,0.0,0.0,0.0,1.9,15.9
BTLS601,UV,100,1253,0.0,1.0,0.0,0.0,0.0,0.0,0.0,0.0,0.0,1.9,15.9
BTLS601,UV,110,5653,0.0,1.0,0.0,0.0,0.0,0.0,0.0,0.0,0.0,2.4,16.4
BTLS601,UV,120,2171,0.0,1.0,0.0,0.0,0.0,0.0,0.0,0.0,0.0,2.5,16.5
BTLS601,UV,130,2176,0.0,1.0,0.0,0.0,0.0,0.0,0.0,0.0,0.0,2.6,16.6
BTLS601,UV,140,1892,0.0,1.0,0.0,0.0,0.0,0.0,0.0,0.0,0.0,2.8,16.8
BTLS601,UV,150,2150,0.0,1.0,0.0,0.0,0.0,0.0,0.0,0.0,0.0,3.7,17.7
BTLS601,UV,160,2090,0.0,1.0,0.0,0.0,0.0,0.0,0.0,0.0,0.0,3.8,17.8
BTLS601,UV,170,1264,0.0,1.0,0.0,0.0,0.0,0.0,0.0,0.0,0.0,3.9,17.9
BTLS601,UV,180,1501,0.0,1.0,0.0,0.0,0.0,0.0,0.0,0.0,0.0,4.2,18.2
BTLS601,UV,190,1266,0.0,1.0,0.0,0.0,0.0,0.0,0.0,0.0,0.0,4.8,18.8
BTLS601,UV,200,1268,0.0,1.0,0.0,0.0,0.0,0.0,0.0,0.0,0.0,4.8,18.8
BTLS601,UV,210,4992,0.0,1.0,0.0,0.0,0.0,0.0,0.0,0.0,0.0,5.1,19.1
BTLS601,UV,220,265,0.0,1.0,0.0,0.0,0.0,0.0,0.0,0.0,0.0,5.5,19.5
BTLS601,UV,230,2172,0.0,1.0,0.0,0.0,0.0,0.0,0.0,0.0,0.0,5.7,19.7
BTLS601,UV,240,5001,0.0,1.0,0.0,0.0,0.0,0.0,0.0,0.0,0.0,5.7,19.7
BTLS601,UV,250,11,0.0,1.0,0.0,0.0,0.0,0.0,0.0,0.0,0.0,5.7,19.7
BTLS601,UV,260,7465,0.0,1.0,0.0,0.0,0.0,0.0,0.0,0.0,0.0,5.7,19.7
BTLS601,UV,270,7460,0.0,1.0,0.0,0.0,0.0,0.0,0.0,0.0,0.0,5.7,19.7
BTLS601,UV,280,7462,0.0,1.0,0.0,0.0,0.0,0.0,0.0,0.0,0.0,5.7,19.7
BTLS601,UV,290,7463,0.0,1.0,0.0,0.0,0.0,0.0,0.0,0.0,0.0,5.7,19.7
BTLS601,UV,300,7464,0.0,1.0,0.0,0.0,0.0,0.0,0.0,0.0,0.0,5.7,19.7
BTLS601,UV,310,7391,0.0,1.0,0.0,0.0,0.0,0.0,0.0,0.0,0.0,5.7,19.7
BTLS601,UV,320,7820,0.0,1.0,0.0,0.0,0.0,0.0,0.0,0.0,0.0,6.3,20.3
BTLS601,UV,330,7060,0.0,1.0,0.0,0.0,0.0,0.0,0.0,0.0,0.0,6.8,20.8
BTLS601,UV,340,8585,0.0,1.0,0.0,0.0,0.0,0.0,0.0,0.0,0.0,6.8,20.8
BTLS601,UV,350,8780,0.0,1.0,0.0,0.0,0.0,0.0,0.0,0.0,0.0,6.8,20.8
BTLS601,UV,360,6555,0.0,1.0,0.0,0.0,0.0,0.0,0.0,0.0,0.0,6.8,20.8
BTLS601,UV,370,7571,0.0,0.9564,0.0,0.0,0.0,0.0,0.0,0.0,0.0,6.9,20.9
BTLS601,UV,380,3777,0.0,1.0,0.0,0.0,0.0,0.0,0.0,-0.0,0.0,-5.2,8.8
BTLS601,UV,390,7290,0.0,1.0,0.0,0.0,0.0,0.0,0.0,0.0,0.0,7.0,21.0
BTLS601,UV,400,6970,0.0,1.0,0.0,0.0,0.0,0.0,0.0,0.0,0.0,7.8,21.8
BTLS601,UV,410,6944,0.0,1.0,0.0,0.0,0.0,0.0,0.0,0.0,0.0,7.8,21.8
BTLS601,UV,420,7297,0.0,0.99,0.0,0.0,0.0,0.0,0.0,0.0,0.0,7.8,21.8
BTLS601,UV,430,6208,0.0,1.0,0.0,0.0,0.0,0.0,0.0,0.0,0.0,7.8,21.8
BTLS601,UV,440,6274,0.0,1.0,0.0,0.0,0.0,0.0,0.0,0.0,0.0,7.8,21.8
BTLS601,UV,450,6209,0.0,1.0,0.0,0.0,0.0,0.0,0.0,0.0,0.0,7.8,21.8
BTLS601,UV,460,6676,0.0,1.0,0.0,0.0,0.0,0.0,0.0,0.0,0.0,7.8,21.8
BTLS601,UV,470,6677,0.0,1.0,0.0,0.0,0.0,0.0,0.0,0.0,0.0,7.8,21.8
BTLS601,UV,480,6678,0.0,1.0,0.0,0.0,0.0,0.0,0.0,0.0,0.0,7.8,21.8
BTLS601,UV,490,7300,0.0,1.0,0.0,0.0,0.0,0.0,0.0,0.0,0.0,7.9,21.9
BTLS601,UV,500,1007,0.0,1.0,0.0,0.0,0.0,0.0,0.0,0.0,0.0,8.1,22.1
BTLS601,UV,510,6547,0.0,1.0,0.0,0.0,0.0,0.0,0.0,0.0,0.0,8.1,22.1
BTLS601,UV,520,8792,0.0,1.0,0.0,0.0,0.0,0.0,0.0,0.0,0.0,8.1,22.1
BTLS601,UV,530,7226,0.0,1.0,0.0,0.0,0.0,0.0,0.0,0.0,0.0,8.2,22.2
BTLS601,UV,540,7000,0.0,1.0,0.0,0.0,0.0,0.0,0.0,0.0,0.0,8.4,22.4
BTLS601,UV,550,7417,0.0,1.0,0.0,0.0,0.0,0.0,0.0,0.0,0.0,8.4,22.4
BTLS601,UV,560,7472,0.0,1.0,0.0,0.0,0.0,0.0,0.0,0.0,0.0,8.5,22.5
BTLS601,UV,570,7475,0.0,1.0,0.0,0.0,0.0,0.0,0.0,0.0,0.0,8.6,22.6
BTLS601,UV,580,7345,0.0,1.0,0.0,0.0,0.0,0.0,0.0,0.0,0.0,8.7,22.7
BTLS601,UV,590,7399,0.0,1.0,0.0,0.0,0.0,0.0,0.0,0.0,0.0,8.8,22.8
BTLS601,UX,10,1209,0.0,1.0,0.0,0.0,3.0,0.0,3.168,0.0,0.217,0.6,14.6
BTLS601,UX,20,1204,0.0,1.0,0.0,0.0,3.0,0.0,3.168,0.0,0.214,0.8,14.8
BTLS601,UX,30,5651,0.0,1.0,0.0,0.0,3.0,0.0,3.168,0.0,0.213,0.9,14.9
BTLS601,UX,40,2004,0.0,1.0,0.0,0.0,3.0,0.0,3.168,0.0,0.21,1.1,15.1
BTLS601,UX,50,1225,0.0,1.0,0.0,0.0,3.0,0.0,3.168,0.0,0.206,1.4,15.4
BTLS601,UX,60,1429,0.0,1.0,0.0,0.0,3.0,0.0,3.168,0.0,0.204,1.5,15.5
BTLS601,UX,70,1235,0.0,1.0,0.0,0.0,3.0,0.0,3.168,0.0,0.199,1.9,15.9
BTLS601,UX,80,1430,0.0,1.0,0.0,0.0,3.0,0.0,3.168,0.0,0.199,1.9,15.9
BTLS601,UX,90,1237,0.0,1.0,0.0,0.0,3.0,0.0,3.168,0.0,0.199,1.9,15.9
BTLS601,UX,100,1253,0.0,1.0,0.0,0.0,3.0,0.0,3.168,0.0,0.199,1.9,15.9
BTLS601,UX,110,5653,0.0,1.0,0.0,0.0,3.0,0.0,3.168,0.0,0.193,2.4,16.4
BTLS601,UX,120,2171,0.0,1.0,0.0,0.0,3.0,0.0,3.168,0.0,0.192,2.5,16.5
BTLS601,UX,130,2176,0.0,1.0,0.0,0.0,3.0,0.0,3.168,0.0,0.191,2.6,16.6
BTLS601,UX,140,1892,0.0,1.0,0.0,0.0,3.0,0.0,3.168,0.0,0.189,2.8,16.8
BTLS601,UX,150,2150,0.0,1.0,0.0,0.0,3.0,0.0,3.168,0.0,0.179,3.7,17.7
BTLS601,UX,160,2090,0.0,1.0,0.0,0.0,3.0,0.0,3.168,0.0,0.178,3.8,17.8
BTLS601,UX,170,1264,0.0,1.0,0.0,0.0,3.0,0.0,3.168,0.0,0.177,3.9,17.9
BTLS601,UX,180,1501,0.0,1.0,0.0,0.0,3.0,0.0,3.168,0.0,0.174,4.2,18.2
BTLS601,UX,190,1266,0.0,1.0,0.0,0.0,3.0,0.0,3.168,0.0,0.169,4.8,18.8
BTLS601,UX,200,1268,0.0,1.0,0.0,0.0,3.0,0.0,3.168,0.0,0.169,4.8,18.8
BTLS601,UX,210,4992,0.0,1.0,0.0,0.0,3.0,0.0,3.168,0.0,0.166,5.1,19.1
BTLS601,UX,220,265,0.0,1.0,0.0,0.0,3.0,0.0,3.168,0.0,0.162,5.5,19.5
BTLS601,UX,230,2172,0.0,1.0,0.0,0.0,3.0,0.0,3.168,0.0,0.161,5.7,19.7
BTLS601,UX,240,5001,0.0,1.0,0.0,0.0,3.0,0.0,3.168,0.0,0.161,5.7,19.7
BTLS601,UX,250,11,0.0,1.0,0.0,0.0,3.0,0.0,3.168,0.0,0.161,5.7,19.7
BTLS601,UX,260,7465,0.0,1.0,0.0,0.0,3.0,0.0,3.168,0.0,0.161,5.7,19.7
BTLS601,UX,270,7460,0.0,1.0,0.0,0.0,3.0,0.0,3.168,0.0,0.161,5.7,19.7
BTLS601,UX,280,7462,0.0,1.0,0.0,0.0,3.0,0.0,3.168,0.0,0.161,5.7,19.7
BTLS601,UX,290,7463,0.0,1.0,0.0,0.0,3.0,0.0,3.168,0.0,0.161,5.7,19.7
BTLS601,UX,300,7464,0.0,1.0,0.0,0.0,3.0,0.0,3.168,0.0,0.161,5.7,19.7
BTLS601,UX,310,7391,0.0,1.0,0.0,0.0,3.0,0.0,3.168,0.0,0.161,5.7,19.7
BTLS601,UX,320,7820,0.0,1.0,0.0,0.0,3.0,0.0,3.168,0.0,0.156,6.3,20.3
BTLS601,UX,330,7060,0.0,1.0,0.0,0.0,3.0,0.0,3.168,0.0,0.152,6.8,20.8
BTLS601,UX,340,8585,0.0,1.0,0.0,0.0,3.0,0.0,3.168,0.0,0.152,6.8,20.8
BTLS601,UX,350,8780,0.0,1.0,0.0,0.0,3.0,0.0,3.168,0.0,0.152,6.8,20.8
BTLS601,UX,360,6555,0.0,1.0,0.0,0.0,3.0,0.0,3.168,0.0,0.152,6.8,20.8
BTLS601,UX,370,7571,0.0,0.9564,0.0,0.0,3.0,0.0,3.168,0.0,0.152,6.9,20.9
BTLS601,UX,380,3777,0.0,1.0,0.0,0.0,3.0,0.0,3.03,-0.0,0.344,-5.2,8.8
BTLS601,UX,390,7290,0.0,1.0,0.0,0.0,3.0,0.0,3.03,0.0,0.144,7.0,21.0
BTLS601,UX,400,6970,0.0,1.0,0.0,0.0,3.0,0.0,3.03,0.0,0.139,7.8,21.8
BTLS601,UX,410,6944,0.0,1.0,0.0,0.0,3.0,0.0,3.03,0.0,0.139,7.8,21.8
BTLS601,UX,420,7297,0.0,0.99,0.0,0.0,3.0,0.0,3.03,0.0,0.139,7.8,21.8
BTLS601,UX,430,6208,0.0,1.0,0.0,0.0,3.0,0.0,3.0,0.0,0.138,7.8,21.8
BTLS601,UX,440,6274,0.0,1.0,0.0,0.0,3.0,0.0,3.0,0.0,0.138,7.8,21.8
BTLS601,UX,450,6209,0.0,1.0,0.0,0.0,3.0,0.0,3.0,0.0,0.138,7.8,21.8
BTLS601,UX,460,6676,0.0,1.0,0.0,0.0,3.0,0.0,3.0,0.0,0.138,7.8,21.8
BTLS601,UX,470,6677,0.0,1.0,0.0,0.0,3.0,0.0,3.0,0.0,0.138,7.8,21.8
BTLS601,UX,480,6678,0.0,1.0,0.0,0.0,3.0,0.0,3.0,0.0,0.138,7.8,21.8
BTLS601,UX,490,7300,0.0,1.0,0.0,0.0,3.0,0.0,3.0,0.0,0.137,7.9,21.9
BTLS601,UX,500,1007,0.0,1.0,0.0,0.0,3.0,0.0,3.0,0.0,0.136,8.1,22.1
BTLS601,UX,510,6547,0.0,1.0,0.0,0.0,3.0,0.0,3.0,0.0,0.136,8.1,22.1
BTLS601,UX,520,8792,0.0,1.0,0.0,0.0,3.0,0.0,3.0,0.0,0.136,8.1,22.1
BTLS601,UX,530,7226,0.0,1.0,0.0,0.0,3.0,0.0,3.0,0.0,0.135,8.2,22.2
BTLS601,UX,540,7000,0.0,1.0,0.0,0.0,3.0,0.0,3.0,0.0,0.134,8.4,22.4
BTLS601,UX,550,7417,0.0,1.0,0.0,0.0,3.0,0.0,3.0,0.0,0.134,8.4,22.4
BTLS601,UX,560,7472,0.0,1.0,0.0,0.0,3.0,0.0,3.0,0.0,0.133,8.5,22.5
BTLS601,UX,570,7475,0.0,1.0,0.0,0.0,3.0,0.0,3.0,0.0,0.133,8.6,22.6
BTLS601,UX,580,7345,0.0,1.0,0.0,0.0,3.0,0.0,3.0,0.0,0.132,8.7,22.7
BTLS601,UX,590,7399,0.0,1.0,0.0,0.0,3.0,0.0,3.0,0.0,0.132,8.8,22.8
KBGB42,FF,10,1209,0.0,1.0,3.606,4.378,0.0,0.589,0.589,-0.346,0.048,-1.7,12.3
KBGB42,FF,20,971,0.0,1.0,3.606,4.378,0.0,0.589,0.589,-0.491,0.046,-1.2,12.8
KBGB42,FF,30,5651,0.0,1.0,3.606,4.378,0.0,0.589,0.589,-0.535,0.046,-1.1,12.9
KBGB42,FF,40,2004,0.0,1.0,3.606,4.378,0.0,0.589,0.589,-0.589,0.045,-1.0,13.0
KBGB42,FF,50,1225,0.0,1.0,3.606,4.378,0.0,0.589,0.589,-0.981,0.044,-0.6,13.4
KBGB42,FF,60,1429,0.0,1.0,3.606,4.378,0.0,0.589,0.589,-1.472,0.043,-0.4,13.6
KBGB42,FF,70,1235,0.0,1.0,3.606,4.378,0.0,0.589,0.589,0.0,0.042,0.0,14.0
KBGB42,FF,80,1430,0.0,1.0,3.606,4.378,0.0,0.589,0.589,2.944,0.041,0.2,14.2
KBGB42,FF,90,5653,0.0,1.0,3.606,4.378,0.0,0.589,0.589,1.178,0.041,0.5,14.5
KBGB42,FF,100,1237,0.0,1.0,3.606,4.378,0.0,0.589,0.589,1.178,0.041,0.5,14.5
KBGB42,FF,110,1253,0.0,1.0,3.606,4.378,0.0,0.589,0.589,0.841,0.04,0.7,14.7
KBGB42,FF,120,2171,0.0,1.0,3.606,4.378,0.0,0.589,0.589,0.654,0.04,0.9,14.9
KBGB42,FF,130,2152,0.0,1.0,3.606,4.378,0.0,0.589,0.589,0.654,0.04,0.9,14.9
KBGB42,FF,140,2133,0.0,1.0,3.606,4.378,0.0,0.589,0.589,0.421,0.038,1.4,15.4
KBGB42,FF,150,2172,0.0,1.0,3.606,4.378,0.0,0.589,0.589,0.346,0.038,1.7,15.7
KBGB42,FF,160,1863,0.0,1.0,3.606,4.378,0.0,0.589,0.589,0.31,0.037,1.9,15.9
KBGB42,FF,170,5001,0.0,1.0,3.606,4.378,0.0,0.589,0.589,0.294,0.037,2.0,16.0
KBGB42,FF,180,11,0.0,1.0,3.606,4.378,0.0,0.589,0.589,0.294,0.037,2.0,16.0
KBGB42,FF,190,7460,0.0,1.0,3.606,4.378,0.0,0.589,0.589,0.21,0.035,2.8,16.8
KBGB42,FF,200,7462,0.0,1.0,3.606,4.378,0.0,0.589,0.589,0.21,0.035,2.8,16.8
KBGB42,FF,210,7463,0.0,1.0,3.606,4.378,0.0,0.589,0.589,0.21,0.035,2.8,16.8
KBGB42,FF,220,7465,0.0,1.0,3.606,4.378,0.0,0.589,0.589,0.196,0.035,3.0,17.0
KBGB42,FF,230,6881,0.0,0.92,3.606,4.378,0.0,0.589,0.589,0.087,0.028,6.8,20.8
KBGB42,FF,240,6883,0.0,1.0,3.606,4.378,0.0,0.542,0.542,0.08,0.026,6.8,20.8
KBGB42,FF,250,6885,0.0,1.0,3.606,4.378,0.0,0.542,0.542,0.08,0.026,6.8,20.8
KBGB42,FF,260,7060,0.0,1.0,3.606,4.378,0.0,0.542,0.542,0.076,0.026,7.1,21.1
KBGB42,FF,270,7571,0.0,1.0,3.606,4.378,0.0,0.542,0.542,0.076,0.026,7.1,21.1
KBGB42,FF,280,7290,0.146,1.0,3.606,4.378,0.0,0.688,0.688,0.094,0.032,7.3,21.3
KBGB42,FF,290,7600,0.1,1.0,3.606,4.378,0.0,0.788,0.788,0.108,0.037,7.3,21.3
KBGB42,FF,300,7310,0.0,1.0,3.606,4.378,0.0,0.788,0.788,0.105,0.037,7.5,21.5
KBGB42,FF,310,7297,0.0,0.98,3.606,4.378,0.0,0.788,0.788,0.098,0.036,8.0,22.0
KBGB42,FF,320,7906,0.0,1.0,3.606,4.378,0.0,0.772,0.772,0.094,0.035,8.2,22.2
KBGB42,FF,330,8555,0.0,1.0,3.606,4.378,0.0,0.772,0.772,0.094,0.035,8.2,22.2
KBGB42,FF,340,1793,0.0,1.0,3.606,4.378,0.0,0.772,0.772,0.094,0.035,8.2,22.2
KBGB42,FF,350,1680,0.0,1.0,3.606,4.378,0.0,0.772,0.772,0.094,0.035,8.2,22.2
KBGB42,FF,360,6982,0.0,1.0,3.606,4.378,0.0,0.772,0.772,0.094,0.035,8.2,22.2
KBGB42,FF,370,7226,0.0,1.0,3.606,4.378,0.0,0.772,0.772,0.093,0.035,8.3,22.3
KBGB42,FF,380,7356,0.0,1.0,3.606,4.378,0.0,0.772,0.772,0.092,0.034,8.4,22.4
KBGB42,FF,390,7000,0.0,1.0,3.606,4.378,0.0,0.772,0.772,0.092,0.034,8.4,22.4
KBGB42,FF,400,7354,0.0,1.0,3.606,4.378,0.0,0.772,0.772,0.092,0.034,8.4,22.4
KBGB42,FF,410,7333,0.0,1.0,3.606,4.378,0.0,0.772,0.772,0.092,0.034,8.4,22.4
KBGB42,FF,420,7339,0.0,1.0,3.606,4.378,0.0,0.772,0.772,0.091,0.034,8.5,22.5
KBGB42,FF,430,7475,0.0,1.0,3.606,4.378,0.0,0.772,0.772,0.091,0.034,8.5,22.5
KBGB42,FF,440,7345,0.0,1.0,3.606,4.378,0.0,0.772,0.772,0.091,0.034,8.5,22.5
KBGB42,FF,450,7399,0.0,1.0,3.606,4.378,0.0,0.772,0.772,0.091,0.034,8.5,22.5
MEV,FF,10,1209,0.0,1.0,7.219,24.57,24.835,-30.477,-3.931,-30.477,-0.32,-1.7,12.3
MEV,FF,20,1204,16.974,1.0,7.219,24.57,24.835,-13.503,13.043,-13.503,1.019,-1.2,12.8
MEV,FF,30,5651,0.0,1.0,7.219,24.57,24.835,-13.503,13.043,-13.503,1.011,-1.1,12.9
MEV,FF,40,2004,0.0,1.0,7.219,24.57,24.835,-13.503,13.043,-13.503,1.003,-1.0,13.0
MEV,FF,50,1225,2.883,1.0,7.219,24.57,24.835,-10.62,15.926,-10.62,1.216,-0.9,13.1
MEV,FF,60,1987,0.0,1.0,7.219,24.57,24.835,-10.62,15.926,-10.62,1.206,-0.8,13.2
MEV,FF,70,2135,1.568,1.0,7.219,24.57,24.835,-9.052,17.494,-9.052,1.259,-0.1,13.9
MEV,FF,80,730,0.0,1.0,7.219,24.57,24.835,-9.052,17.494,-9.052,1.25,0.0,14.0
MEV,FF,90,1429,1.568,1.0,7.219,24.57,24.835,-7.484,19.062,-7.484,1.352,0.1,14.1
MEV,FF,100,970,3.122,1.0,7.219,24.57,24.835,-4.362,22.184,-0.855,1.161,5.1,19.1
MEV,FF,110,1430,0.0,1.0,7.219,24.57,24.835,-4.362,22.184,-3.355,1.45,1.3,15.3
MEV,FF,120,1237,0.0,1.0,7.219,24.57,24.835,-4.362,22.184,-2.423,1.404,1.8,15.8
MEV,FF,130,2237,0.0,1.0,7.219,24.57,24.835,-4.362,22.184,-2.423,1.404,1.8,15.8
MEV,FF,140,1253,0.0,1.0,7.219,24.57,24.835,-4.362,22.184,-1.616,1.328,2.7,16.7
MEV,FF,150,1299,0.0,1.0,7.219,24.57,24.835,-4.362,22.184,-1.616,1.328,2.7,16.7
MEV,FF,160,5653,0.0,1.0,7.219,24.57,24.835,-4.362,22.184,-1.558,1.32,2.8,16.8
MEV,FF,170,2037,0.0,1.0,7.219,24.57,24.835,-4.362,22.184,-1.504,1.313,2.9,16.9
MEV,FF,180,1895,0.0,1.0,7.219,24.57,24.835,-4.362,22.184,-1.454,1.305,3.0,17.0
MEV,FF,190,2150,0.0,1.0,7.219,24.57,24.835,-4.362,22.184,-1.283,1.275,3.4,17.4
MEV,FF,200,1960,3.121,1.0,7.219,24.57,24.835,-1.241,25.305,-0.327,1.422,3.8,17.8
MEV,FF,210,1264,0.0,1.0,7.219,24.57,24.835,-1.241,25.305,-0.318,1.414,3.9,17.9
MEV,FF,220,1265,0.0,1.0,7.219,24.57,24.835,-1.241,25.305,-0.282,1.375,4.4,18.4
MEV,FF,230,2171,0.0,1.0,7.219,24.57,24.835,-1.241,25.305,-0.282,1.375,4.4,18.4
MEV,FF,240,4513,0.0,1.0,7.219,24.57,24.835,-1.241,25.305,-0.276,1.368,4.5,18.5
MEV,FF,250,2152,0.0,1.0,7.219,24.57,24.835,-1.241,25.305,-0.264,1.353,4.7,18.7
MEV,FF,260,2133,0.0,1.0,7.219,24.57,24.835,-1.241,25.305,-0.259,1.346,4.8,18.8
MEV,FF,270,2172,0.0,1.0,7.219,24.57,24.835,-1.241,25.305,-0.222,1.291,5.6,19.6
MEV,FF,280,5001,0.0,1.0,7.219,24.57,24.835,-1.241,25.305,-0.218,1.285,5.7,19.7
MEV,FF,290,11,0.0,1.0,7.219,24.57,24.835,-1.241,25.305,-0.218,1.285,5.7,19.7
MEV,FF,300,6881,9.404,1.0,7.219,24.57,24.835,8.163,34.709,1.407,1.753,5.8,19.8
MEV,FF,310,6882,0.0,1.0,7.219,24.57,24.835,8.163,34.709,1.407,1.753,5.8,19.8
MEV,FF,320,6883,0.0,1.0,7.219,24.57,24.835,8.163,34.709,1.407,1.753,5.8,19.8
MEV,FF,330,6885,0.0,1.0,7.219,24.57,24.835,8.163,34.709,1.407,1.753,5.8,19.8
MEV,FF,340,8585,0.0,1.0,7.219,24.57,24.835,8.163,34.709,1.317,1.718,6.2,20.2
MEV,FF,350,8785,0.0,1.0,7.219,24.57,24.835,8.163,34.709,1.317,1.718,6.2,20.2
MEV,FF,360,8780,0.0,1.0,7.219,24.57,24.835,8.163,34.709,1.317,1.718,6.2,20.2
MEV,FF,370,8832,0.0,1.0,7.219,24.57,24.835,8.163,34.709,1.317,1.718,6.2,20.2
MEV,FF,380,7571,0.503,0.945,7.219,24.57,24.835,8.666,35.212,1.398,1.743,6.2,20.2
MEV,FF,390,3777,0.0,1.0,7.219,24.57,24.835,8.189,33.275,1.321,1.647,6.2,20.2
MEV,FF,400,7200,0.0,1.0,7.219,24.57,24.835,8.189,33.275,1.222,1.607,6.7,20.7
MEV,FF,410,7600,3.204,1.0,7.219,24.57,24.835,11.393,36.479,1.7,1.762,6.7,20.7
MEV,FF,420,7290,6.133,1.0,7.219,24.57,24.835,17.526,42.612,2.616,2.059,6.7,20.7
MEV,FF,430,5006,0.0,1.0,7.219,24.57,24.835,17.526,42.612,2.616,2.059,6.7,20.7
MEV,FF,440,488,0.0,1.0,7.219,24.57,24.835,17.526,42.612,2.247,1.955,7.8,21.8
MEV,FF,450,6970,0.0,1.0,7.219,24.57,24.835,17.526,42.612,2.247,1.955,7.8,21.8
MEV,FF,460,7899,0.0,1.0,7.219,24.57,24.835,17.526,42.612,2.247,1.955,7.8,21.8
MEV,FF,470,7295,0.0,1.0,7.219,24.57,24.835,17.526,42.612,2.247,1.955,7.8,21.8
MEV,FF,480,6508,0.0,0.99,7.219,24.57,24.835,17.526,42.612,2.247,1.955,7.8,21.8
MEV,FF,490,7297,0.0,1.0,7.219,24.57,24.835,17.351,42.186,2.224,1.935,7.8,21.8
MEV,FF,500,6274,0.0,1.0,7.219,24.57,24.835,17.351,42.186,2.224,1.935,7.8,21.8
MEV,FF,510,6275,0.0,1.0,7.219,24.57,24.835,17.351,42.186,2.224,1.935,7.8,21.8
MEV,FF,520,6676,0.0,1.0,7.219,24.57,24.835,17.351,42.186,2.196,1.926,7.9,21.9
MEV,FF,530,8666,0.0,1.0,7.219,24.57,24.835,17.351,42.186,2.196,1.926,7.9,21.9
MEV,FF,540,311,0.0,1.0,7.219,24.57,24.835,17.351,42.186,2.169,1.918,8.0,22.0
MEV,FF,550,348,0.0,1.0,7.219,24.57,24.835,17.351,42.186,2.169,1.918,8.0,22.0
MEV,FF,560,7300,0.0,1.0,7.219,24.57,24.835,17.351,42.186,2.09,1.892,8.3,22.3
MEV,FF,570,1007,0.0,1.0,7.219,24.57,24.835,17.351,42.186,2.066,1.883,8.4,22.4
MEV,FF,580,6547,0.0,1.0,7.219,24.57,24.835,17.351,42.186,2.066,1.883,8.4,22.4
MEV,FF,590,8792,0.0,1.0,7.219,24.57,24.835,17.351,42.186,2.066,1.883,8.4,22.4
MEV,FF,600,7333,0.0,1.0,7.219,24.57,24.835,17.351,42.186,2.066,1.883,8.4,22.4
MEV,FF,610,7417,0.0,1.0,7.219,24.57,24.835,17.351,42.186,2.066,1.883,8.4,22.4
MEV,FF,620,1793,0.0,1.0,7.219,24.57,24.835,17.351,42.186,2.066,1.883,8.4,22.4
MEV,FF,630,7226,0.0,1.0,7.219,24.57,24.835,17.351,42.186,2.041,1.875,8.5,22.5
MEV,FF,640,7000,0.0,1.0,7.219,24.57,24.835,17.351,42.186,2.041,1.875,8.5,22.5
MEV,FF,650,7472,0.0,1.0,7.219,24.57,24.835,17.351,42.186,2.018,1.867,8.6,22.6
MEV,FF,660,8581,0.0,1.0,7.219,24.57,24.835,17.351,42.186,2.018,1.867,8.6,22.6
MEV,FF,670,7354,0.0,1.0,7.219,24.57,24.835,17.351,42.186,2.018,1.867,8.6,22.6
MEV,FF,680,7475,0.0,1.0,7.219,24.57,24.835,17.351,42.186,1.994,1.858,8.7,22.7
MEV,FF,690,7345,0.0,1.0,7.219,24.57,24.835,17.351,42.186,1.994,1.858,8.7,22.7
MEV,FF,700,7399,0.0,1.0,7.219,24.57,24.835,17.351,42.186,1.972,1.85,8.8,22.8
MTLH682,FF,10,1209,0.0,1.0,51.592,127.907,98.0,-54.418,49.782,-54.418,3.433,0.5,14.5
MTLH682,FF,20,1204,37.958,1.0,51.592,127.907,98.0,-16.46,87.74,-16.46,5.928,0.8,14.8
MTLH682,FF,30,5651,3.583,1.0,51.592,127.907,98.0,-12.877,91.323,-12.877,6.129,0.9,14.9
MTLH682,FF,40,2004,1.792,1.0,51.592,127.907,98.0,-11.085,93.115,-11.085,6.249,0.9,14.9
MTLH682,FF,50,1225,5.373,1.0,51.592,127.907,98.0,-5.712,98.488,-3.808,6.354,1.5,15.5
MTLH682,FF,60,1987,0.0,1.0,51.592,127.907,98.0,-5.712,98.488,-3.57,6.313,1.6,15.6
MTLH682,FF,70,2135,0.0,1.0,51.592,127.907,98.0,-5.712,98.488,-3.006,6.194,1.9,15.9
MTLH682,FF,80,730,0.0,1.0,51.592,127.907,98.0,-5.712,98.488,-2.856,6.156,2.0,16.0
MTLH682,FF,90,1429,0.0,1.0,51.592,127.907,98.0,-5.712,98.488,-2.72,6.117,2.1,16.1
MTLH682,FF,100,970,5.376,1.0,51.592,127.907,98.0,-0.336,103.864,-0.14,6.333,2.4,16.4
MTLH682,FF,110,1430,0.0,1.0,51.592,127.907,98.0,-0.336,103.864,-0.134,6.295,2.5,16.5
MTLH682,FF,120,1237,0.0,1.0,51.592,127.907,98.0,-0.336,103.864,-0.129,6.257,2.6,16.6
MTLH682,FF,130,5653,1.791,1.0,51.592,127.907,98.0,1.455,105.655,0.539,6.327,2.7,16.7
MTLH682,FF,140,2171,0.0,1.0,51.592,127.907,98.0,1.455,105.655,0.52,6.289,2.8,16.8
MTLH682,FF,150,2151,0.0,1.0,51.592,127.907,98.0,1.455,105.655,0.502,6.252,2.9,16.9
MTLH682,FF,160,2436,1.786,1.0,51.592,127.907,98.0,3.241,107.441,1.013,6.247,3.2,17.2
MTLH682,FF,170,2150,0.0,1.0,51.592,127.907,98.0,3.241,107.441,0.982,6.21,3.3,17.3
MTLH682,FF,180,2133,5.37,1.0,51.592,127.907,98.0,8.611,112.811,2.392,6.41,3.6,17.6
MTLH682,FF,190,2172,1.456,1.0,51.592,127.907,98.0,10.067,114.267,2.581,6.384,3.9,17.9
MTLH682,FF,200,5001,0.0,1.0,51.592,127.907,98.0,10.067,114.267,2.581,6.384,3.9,17.9
MTLH682,FF,210,11,0.0,1.0,51.592,127.907,98.0,10.067,114.267,2.517,6.348,4.0,18.0
MTLH682,FF,220,7652,0.0,1.0,51.592,127.907,98.0,10.067,114.267,2.097,6.078,4.8,18.8
MTLH682,FF,230,7820,17.765,1.0,51.592,127.907,98.0,27.832,132.032,4.418,6.504,6.3,20.3
MTLH682,FF,240,7391,0.0,1.0,51.592,127.907,98.0,27.832,132.032,4.418,6.504,6.3,20.3
MTLH682,FF,250,7821,0.0,1.0,51.592,127.907,98.0,27.832,132.032,4.418,6.504,6.3,20.3
MTLH682,FF,260,7827,0.0,1.0,51.592,127.907,98.0,27.832,132.032,4.418,6.504,6.3,20.3
MTLH682,FF,270,7060,0.0,1.0,51.592,127.907,98.0,27.832,132.032,4.418,6.504,6.3,20.3
MTLH682,FF,280,8585,0.0,1.0,51.592,127.907,98.0,27.832,132.032,4.349,6.472,6.4,20.4
MTLH682,FF,290,8785,0.0,1.0,51.592,127.907,98.0,27.832,132.032,4.349,6.472,6.4,20.4
MTLH682,FF,300,8780,0.0,1.0,51.592,127.907,98.0,27.832,132.032,4.349,6.472,6.4,20.4
MTLH682,FF,310,8832,1.792,1.0,51.592,127.907,98.0,29.624,133.824,4.629,6.56,6.4,20.4
MTLH682,FF,320,7571,7.158,0.95,51.592,127.907,98.0,36.782,140.982,5.409,6.778,6.8,20.8
MTLH682,FF,330,3777,0.0,1.0,51.592,127.907,98.0,34.943,133.933,5.139,6.439,6.8,20.8
MTLH682,FF,340,7200,0.0,1.0,51.592,127.907,98.0,34.943,133.933,4.992,6.378,7.0,21.0
MTLH682,FF,350,7290,17.029,1.0,51.592,127.907,98.0,51.972,150.962,7.425,7.189,7.0,21.0
MTLH682,FF,360,5006,0.0,1.0,51.592,127.907,98.0,51.972,150.962,7.425,7.189,7.0,21.0
MTLH682,FF,370,488,0.0,1.0,51.592,127.907,98.0,51.972,150.962,7.425,7.189,7.0,21.0
MTLH682,FF,380,6970,12.96,0.99,51.592,127.907,98.0,64.932,163.922,8.117,7.451,8.0,22.0
MTLH682,FF,390,7899,0.0,1.0,51.592,127.907,98.0,64.283,162.283,8.035,7.376,8.0,22.0
MTLH682,FF,400,7295,0.0,1.0,51.592,127.907,98.0,64.283,162.283,8.035,7.376,8.0,22.0
MTLH682,FF,410,7297,0.0,1.0,51.592,127.907,98.0,64.283,162.283,8.035,7.376,8.0,22.0
MTLH682,FF,420,6274,0.0,1.0,51.592,127.907,98.0,64.283,162.283,8.035,7.376,8.0,22.0
MTLH682,FF,430,6275,0.0,1.0,51.592,127.907,98.0,64.283,162.283,8.035,7.376,8.0,22.0
MTLH682,FF,440,6676,0.0,1.0,51.592,127.907,98.0,64.283,162.283,7.936,7.343,8.1,22.1
MTLH682,FF,450,7906,0.354,1.0,51.592,127.907,98.0,64.637,162.637,7.98,7.359,8.1,22.1
MTLH682,FF,460,1007,0.0,1.0,51.592,127.907,98.0,64.637,162.637,7.883,7.326,8.2,22.2
MTLH682,FF,470,6547,1.715,1.0,51.592,127.907,98.0,66.352,164.352,7.994,7.37,8.3,22.3
MTLH682,FF,480,8792,0.0,1.0,51.592,127.907,98.0,66.352,164.352,8.192,7.437,8.1,22.1
MTLH682,FF,490,1793,0.0,1.0,51.592,127.907,98.0,66.352,164.352,8.192,7.437,8.1,22.1
MTLH682,FF,500,7226,1.746,1.0,51.592,127.907,98.0,68.098,166.098,8.107,7.415,8.4,22.4
MTLH682,FF,510,7333,0.0,1.0,51.592,127.907,98.0,68.098,166.098,8.407,7.516,8.1,22.1
MTLH682,FF,520,7000,0.0,1.0,51.592,127.907,98.0,68.098,166.098,8.407,7.516,8.1,22.1
MTLH682,FF,530,306,0.0,1.0,51.592,127.907,98.0,68.098,166.098,8.107,7.415,8.4,22.4
MTLH682,FF,540,8581,0.0,1.0,51.592,127.907,98.0,68.098,166.098,8.107,7.415,8.4,22.4
MTLH682,FF,550,7354,1.36,1.0,51.592,127.907,98.0,69.458,167.458,8.172,7.443,8.5,22.5
MTLH682,FF,560,7475,6.857,1.0,51.592,127.907,98.0,76.315,174.315,8.874,7.713,8.6,22.6
MTLH682,FF,570,7345,0.0,1.0,51.592,127.907,98.0,76.315,174.315,8.772,7.679,8.7,22.7
MTLH682,FF,580,7399,0.0,1.0,51.592,127.907,98.0,76.315,174.315,8.672,7.645,8.8,22.8
MTLU281,FF,10,1209,0.0,1.0,2.775,10.259,20.0,-1.042,20.001,-1.042,1.587,-1.4,12.6
MTLU281,FF,20,1204,0.0,1.0,2.775,10.259,20.0,-1.042,20.001,-1.042,1.563,-1.2,12.8
MTLU281,FF,30,5651,0.0,1.0,2.775,10.259,20.0,-1.042,20.001,-1.042,1.55,-1.1,12.9
MTLU281,FF,40,2004,0.0,1.0,2.775,10.259,20.0,-1.042,20.001,-1.042,1.527,-0.9,13.1
MTLU281,FF,50,1225,0.0,1.0,2.775,10.259,20.0,-1.042,20.001,-1.042,1.504,-0.7,13.3
MTLU281,FF,60,1987,0.0,1.0,2.775,10.259,20.0,-1.042,20.001,-1.042,1.493,-0.6,13.4
MTLU281,FF,70,2135,0.0,1.0,2.775,10.259,20.0,-1.042,20.001,-1.042,1.471,-0.4,13.6
MTLU281,FF,80,730,0.0,1.0,2.775,10.259,20.0,-1.042,20.001,-1.042,1.449,-0.2,13.8
MTLU281,FF,90,1429,0.0,1.0,2.775,10.259,20.0,-1.042,20.001,-1.042,1.439,-0.1,13.9
MTLU281,FF,100,970,0.0,1.0,2.775,10.259,20.0,-1.042,20.001,-0.745,1.299,1.4,15.4
MTLU281,FF,110,1430,0.0,1.0,2.775,10.259,20.0,-1.042,20.001,-0.652,1.282,1.6,15.6
MTLU281,FF,120,1237,0.0,1.0,2.775,10.259,20.0,-1.042,20.001,-0.613,1.274,1.7,15.7
MTLU281,FF,130,5653,0.0,1.0,2.775,10.259,20.0,-1.042,20.001,-0.549,1.258,1.9,15.9
MTLU281,FF,140,2171,0.0,1.0,2.775,10.259,20.0,-1.042,20.001,-0.474,1.235,2.2,16.2
MTLU281,FF,150,2151,0.0,1.0,2.775,10.259,20.0,-1.042,20.001,-0.434,1.22,2.4,16.4
MTLU281,FF,160,2436,0.0,1.0,2.775,10.259,20.0,-1.042,20.001,-0.417,1.212,2.5,16.5
MTLU281,FF,170,2150,0.0,1.0,2.775,10.259,20.0,-1.042,20.001,-0.359,1.184,2.9,16.9
MTLU281,FF,180,2133,0.0,1.0,2.775,10.259,20.0,-1.042,20.001,-0.326,1.163,3.2,17.2
MTLU281,FF,190,2172,0.0,1.0,2.775,10.259,20.0,-1.042,20.001,-0.298,1.143,3.5,17.5
MTLU281,FF,200,5001,0.0,1.0,2.775,10.259,20.0,-1.042,20.001,-0.29,1.136,3.6,17.6
MTLU281,FF,210,11,0.0,1.0,2.775,10.259,20.0,-1.042,20.001,-0.274,1.124,3.8,17.8
MTLU281,FF,220,7820,0.0,1.0,2.775,10.259,20.0,-1.042,20.001,-0.165,0.985,6.3,20.3
MTLU281,FF,230,7821,0.0,1.0,2.775,10.259,20.0,-1.042,20.001,-0.165,0.985,6.3,20.3
MTLU281,FF,240,7827,0.0,1.0,2.775,10.259,20.0,-1.042,20.001,-0.165,0.985,6.3,20.3
MTLU281,FF,250,7060,0.0,1.0,2.775,10.259,20.0,-1.042,20.001,-0.165,0.985,6.3,20.3
MTLU281,FF,260,7391,0.0,1.0,2.775,10.259,20.0,-1.042,20.001,-0.165,0.985,6.3,20.3
MTLU281,FF,270,8585,0.0,1.0,2.775,10.259,20.0,-1.042,20.001,-0.163,0.98,6.4,20.4
MTLU281,FF,280,8785,0.0,1.0,2.775,10.259,20.0,-1.042,20.001,-0.163,0.98,6.4,20.4
MTLU281,FF,290,8780,0.0,1.0,2.775,10.259,20.0,-1.042,20.001,-0.163,0.98,6.4,20.4
MTLU281,FF,300,8832,0.0,1.0,2.775,10.259,20.0,-1.042,20.001,-0.163,0.98,6.4,20.4
MTLU281,FF,310,7571,1.788,0.96,2.775,10.259,20.0,0.746,21.789,0.11,1.048,6.8,20.8
MTLU281,FF,320,3777,0.0,1.0,2.775,10.259,20.0,0.716,20.918,0.105,1.006,6.8,20.8
MTLU281,FF,330,7200,0.0,1.0,2.775,10.259,20.0,0.716,20.918,0.102,0.996,7.0,21.0
MTLU281,FF,340,5006,0.0,1.0,2.775,10.259,20.0,0.716,20.918,0.102,0.996,7.0,21.0
MTLU281,FF,350,7290,4.513,1.0,2.775,10.259,20.0,5.229,25.431,0.747,1.211,7.0,21.0
MTLU281,FF,360,8795,0.0,1.0,2.775,10.259,20.0,5.229,25.431,0.726,1.2,7.2,21.2
MTLU281,FF,370,488,0.0,1.0,2.775,10.259,20.0,5.229,25.431,0.726,1.2,7.2,21.2
MTLU281,FF,380,6970,1.046,1.0,2.775,10.259,20.0,6.275,26.477,0.784,1.203,8.0,22.0
MTLU281,FF,390,7899,0.0,1.0,2.775,10.259,20.0,6.275,26.477,0.784,1.203,8.0,22.0
MTLU281,FF,400,7295,0.0,1.0,2.775,10.259,20.0,6.275,26.477,0.784,1.203,8.0,22.0
MTLU281,FF,410,7297,0.0,0.99,2.775,10.259,20.0,6.275,26.477,0.784,1.203,8.0,22.0
MTLU281,FF,420,6676,0.0,1.0,2.775,10.259,20.0,6.212,26.212,0.758,1.181,8.2,22.2
MTLU281,FF,430,6379,0.0,1.0,2.775,10.259,20.0,6.212,26.212,0.758,1.181,8.2,22.2
MTLU281,FF,440,7906,0.0,1.0,2.775,10.259,20.0,6.212,26.212,0.748,1.175,8.3,22.3
MTLU281,FF,450,1007,0.0,1.0,2.775,10.259,20.0,6.212,26.212,0.74,1.17,8.4,22.4
MTLU281,FF,460,6547,0.0,1.0,2.775,10.259,20.0,6.212,26.212,0.74,1.17,8.4,22.4
MTLU281,FF,470,8792,0.0,1.0,2.775,10.259,20.0,6.212,26.212,0.74,1.17,8.4,22.4
MTLU281,FF,480,1793,0.0,1.0,2.775,10.259,20.0,6.212,26.212,0.74,1.17,8.4,22.4
MTLU281,FF,490,7226,0.0,1.0,2.775,10.259,20.0,6.212,26.212,0.74,1.17,8.4,22.4
MTLU281,FF,500,7333,0.0,1.0,2.775,10.259,20.0,6.212,26.212,0.731,1.165,8.5,22.5
MTLU281,FF,510,7000,0.0,1.0,2.775,10.259,20.0,6.212,26.212,0.731,1.165,8.5,22.5
MTLU281,FF,520,8581,0.0,1.0,2.775,10.259,20.0,6.212,26.212,0.722,1.16,8.6,22.6
MTLU281,FF,530,7354,0.0,1.0,2.775,10.259,20.0,6.212,26.212,0.722,1.16,8.6,22.6
MTLU281,FF,540,7475,1.272,1.0,2.775,10.259,20.0,7.484,27.484,0.86,1.211,8.7,22.7
MTLU281,FF,550,7345,0.0,1.0,2.775,10.259,20.0,7.484,27.484,0.86,1.211,8.7,22.7
MTLU281,FF,560,7399,0.0,1.0,2.775,10.259,20.0,7.484,27.484,0.85,1.205,8.8,22.8
RPLP682,FF,10,1209,0.0,1.0,19.301,39.802,26.737,-24.919,3.51,-19.168,0.229,1.3,15.3
RPLP682,FF,20,1204,0.0,1.0,19.301,39.802,26.737,-24.919,3.51,-13.844,0.222,1.8,15.8
RPLP682,FF,30,5651,0.0,1.0,19.301,39.802,26.737,-24.919,3.51,-13.115,0.221,1.9,15.9
RPLP682,FF,40,2004,0.0,1.0,19.301,39.802,26.737,-24.919,3.51,-11.866,0.218,2.1,16.1
RPLP682,FF,50,1225,0.0,1.0,19.301,39.802,26.737,-24.919,3.51,-9.229,0.21,2.7,16.7
RPLP682,FF,60,1429,0.0,1.0,19.301,39.802,26.737,-24.919,3.51,-8.593,0.208,2.9,16.9
RPLP682,FF,70,1235,0.0,1.0,19.301,39.802,26.737,-24.919,3.51,-7.329,0.202,3.4,17.4
RPLP682,FF,80,1430,0.0,1.0,19.301,39.802,26.737,-24.919,3.51,-6.922,0.199,3.6,17.6
RPLP682,FF,90,1237,0.0,1.0,19.301,39.802,26.737,-24.919,3.51,-6.922,0.199,3.6,17.6
RPLP682,FF,100,1253,0.0,1.0,19.301,39.802,26.737,-24.919,3.51,-6.922,0.199,3.6,17.6
RPLP682,FF,110,1299,0.0,1.0,19.301,39.802,26.737,-24.919,3.51,-6.922,0.199,3.6,17.6
RPLP682,FF,120,5653,0.0,1.0,19.301,39.802,26.737,-24.919,3.51,-6.558,0.197,3.8,17.8
RPLP682,FF,130,1268,0.0,1.0,19.301,39.802,26.737,-24.919,3.51,-6.558,0.197,3.8,17.8
RPLP682,FF,140,2171,0.0,1.0,19.301,39.802,26.737,-24.919,3.51,-6.389,0.196,3.9,17.9
RPLP682,FF,150,2150,0.0,1.0,19.301,39.802,26.737,-24.919,3.51,-6.23,0.195,4.0,18.0
RPLP682,FF,160,2133,1.792,1.0,19.301,39.802,26.737,-23.127,5.302,-5.028,0.285,4.6,18.6
RPLP682,FF,170,2172,0.0,1.0,19.301,39.802,26.737,-23.127,5.302,-4.818,0.282,4.8,18.8
RPLP682,FF,180,1863,0.0,1.0,19.301,39.802,26.737,-23.127,5.302,-4.818,0.282,4.8,18.8
RPLP682,FF,190,1245,0.0,1.0,19.301,39.802,26.737,-23.127,5.302,-4.818,0.282,4.8,18.8
RPLP682,FF,200,5001,0.0,1.0,19.301,39.802,26.737,-23.127,5.302,-4.72,0.281,4.9,18.9
RPLP682,FF,210,11,0.0,1.0,19.301,39.802,26.737,-23.127,5.302,-4.72,0.281,4.9,18.9
RPLP682,FF,220,7820,11.421,1.0,19.301,39.802,26.737,-11.706,16.723,-1.858,0.824,6.3,20.3
RPLP682,FF,230,7827,0.0,1.0,19.301,39.802,26.737,-11.706,16.723,-1.858,0.824,6.3,20.3
RPLP682,FF,240,7060,0.0,1.0,19.301,39.802,26.737,-11.706,16.723,-1.829,0.82,6.4,20.4
RPLP682,FF,250,8585,0.0,1.0,19.301,39.802,26.737,-11.706,16.723,-1.829,0.82,6.4,20.4
RPLP682,FF,260,8780,0.0,1.0,19.301,39.802,26.737,-11.706,16.723,-1.829,0.82,6.4,20.4
RPLP682,FF,270,8832,1.792,1.0,19.301,39.802,26.737,-9.914,18.515,-1.525,0.903,6.5,20.5
RPLP682,FF,280,7571,1.792,0.95,19.301,39.802,26.737,-8.122,20.307,-1.194,0.976,6.8,20.8
RPLP682,FF,290,3777,0.0,1.0,19.301,39.802,26.737,-7.716,19.291,-1.135,0.927,6.8,20.8
RPLP682,FF,300,7391,0.0,1.0,19.301,39.802,26.737,-7.716,19.291,-1.135,0.927,6.8,20.8
RPLP682,FF,310,7200,0.0,1.0,19.301,39.802,26.737,-7.716,19.291,-1.118,0.923,6.9,20.9
RPLP682,FF,320,7290,9.904,1.0,19.301,39.802,26.737,2.188,29.195,0.317,1.397,6.9,20.9
RPLP682,FF,330,488,0.0,1.0,19.301,39.802,26.737,2.188,29.195,0.317,1.397,6.9,20.9
RPLP682,FF,340,7600,6.131,1.0,19.301,39.802,26.737,8.319,35.326,1.206,1.69,6.9,20.9
RPLP682,FF,350,5006,0.0,1.0,19.301,39.802,26.737,8.319,35.326,1.206,1.69,6.9,20.9
RPLP682,FF,360,6511,0.0,1.0,19.301,39.802,26.737,8.319,35.326,1.206,1.69,6.9,20.9
RPLP682,FF,370,8795,0.0,1.0,19.301,39.802,26.737,8.319,35.326,1.067,1.62,7.8,21.8
RPLP682,FF,380,7295,0.0,1.0,19.301,39.802,26.737,8.319,35.326,1.067,1.62,7.8,21.8
RPLP682,FF,390,7980,0.0,1.0,19.301,39.802,26.737,8.319,35.326,1.067,1.62,7.8,21.8
RPLP682,FF,400,6970,0.0,0.99,19.301,39.802,26.737,8.319,35.326,1.067,1.62,7.8,21.8
RPLP682,FF,410,7297,8.232,1.0,19.301,39.802,26.737,16.468,43.205,2.111,1.982,7.8,21.8
RPLP682,FF,420,6208,0.0,1.0,19.301,39.802,26.737,16.468,43.205,2.085,1.973,7.9,21.9
RPLP682,FF,430,6274,0.0,1.0,19.301,39.802,26.737,16.468,43.205,2.085,1.973,7.9,21.9
RPLP682,FF,440,6209,0.0,1.0,19.301,39.802,26.737,16.468,43.205,2.085,1.973,7.9,21.9
RPLP682,FF,450,6676,0.0,1.0,19.301,39.802,26.737,16.468,43.205,2.085,1.973,7.9,21.9
RPLP682,FF,460,7899,0.0,1.0,19.301,39.802,26.737,16.468,43.205,2.085,1.973,7.9,21.9
RPLP682,FF,470,6379,0.0,1.0,19.301,39.802,26.737,16.468,43.205,2.085,1.973,7.9,21.9
RPLP682,FF,480,7300,0.0,1.0,19.301,39.802,26.737,16.468,43.205,2.085,1.973,7.9,21.9
RPLP682,FF,490,1007,0.0,1.0,19.301,39.802,26.737,16.468,43.205,2.058,1.964,8.0,22.0
RPLP682,FF,500,6547,0.0,1.0,19.301,39.802,26.737,16.468,43.205,2.058,1.964,8.0,22.0
RPLP682,FF,510,8792,0.0,1.0,19.301,39.802,26.737,16.468,43.205,2.058,1.964,8.0,22.0
RPLP682,FF,520,1793,0.0,1.0,19.301,39.802,26.737,16.468,43.205,2.058,1.964,8.0,22.0
RPLP682,FF,530,7226,0.0,1.0,19.301,39.802,26.737,16.468,43.205,2.033,1.955,8.1,22.1
RPLP682,FF,540,7110,0.0,1.0,19.301,39.802,26.737,16.468,43.205,2.033,1.955,8.1,22.1
RPLP682,FF,550,7000,0.0,1.0,19.301,39.802,26.737,16.468,43.205,2.033,1.955,8.1,22.1
RPLP682,FF,560,8581,0.0,1.0,19.301,39.802,26.737,16.468,43.205,1.984,1.937,8.3,22.3
RPLP682,FF,570,7354,1.155,1.0,19.301,39.802,26.737,17.623,44.36,2.149,1.998,8.2,22.2
RPLP682,FF,580,8756,0.0,1.0,19.301,39.802,26.737,17.623,44.36,2.149,1.998,8.2,22.2
RPLP682,FF,590,7333,0.0,1.0,19.301,39.802,26.737,17.623,44.36,2.149,1.998,8.2,22.2
RPLP682,FF,600,7474,0.0,1.0,19.301,39.802,26.737,17.623,44.36,2.149,1.998,8.2,22.2
RPLP682,FF,610,7475,1.582,1.0,19.301,39.802,26.737,19.205,45.942,2.314,2.06,8.3,22.3
RPLP682,FF,620,7345,0.0,1.0,19.301,39.802,26.737,19.205,45.942,2.314,2.06,8.3,22.3
RPLP682,FF,630,7399,1.296,1.0,19.301,39.802,26.737,20.501,47.238,2.33,2.072,8.8,22.8
RPLP682,UL,10,1209,0.0,1.0,4.902,10.0,0.0,3.741,3.741,2.877,0.244,1.3,15.3
RPLP682,UL,20,1204,0.0,1.0,4.902,10.0,0.0,3.741,3.741,2.078,0.237,1.8,15.8
RPLP682,UL,30,5651,0.0,1.0,4.902,10.0,0.0,3.741,3.741,1.969,0.235,1.9,15.9
RPLP682,UL,40,2004,0.0,1.0,4.902,10.0,0.0,3.741,3.741,1.781,0.232,2.1,16.1
RPLP682,UL,50,1225,0.0,1.0,4.902,10.0,0.0,3.741,3.741,1.385,0.224,2.7,16.7
RPLP682,UL,60,1429,0.0,1.0,4.902,10.0,0.0,3.741,3.741,1.29,0.221,2.9,16.9
RPLP682,UL,70,1235,0.0,1.0,4.902,10.0,0.0,3.741,3.741,1.1,0.215,3.4,17.4
RPLP682,UL,80,1430,0.0,1.0,4.902,10.0,0.0,3.741,3.741,1.039,0.213,3.6,17.6
RPLP682,UL,90,1237,0.0,1.0,4.902,10.0,0.0,3.741,3.741,1.039,0.213,3.6,17.6
RPLP682,UL,100,1253,0.0,1.0,4.902,10.0,0.0,3.741,3.741,1.039,0.213,3.6,17.6
RPLP682,UL,110,1299,0.0,1.0,4.902,10.0,0.0,3.741,3.741,1.039,0.213,3.6,17.6
RPLP682,UL,120,5653,0.0,1.0,4.902,10.0,0.0,3.741,3.741,0.984,0.21,3.8,17.8
RPLP682,UL,130,1268,0.0,1.0,4.902,10.0,0.0,3.741,3.741,0.984,0.21,3.8,17.8
RPLP682,UL,140,2171,0.0,1.0,4.902,10.0,0.0,3.741,3.741,0.959,0.209,3.9,17.9
RPLP682,UL,150,2150,0.0,1.0,4.902,10.0,0.0,3.741,3.741,0.935,0.208,4.0,18.0
RPLP682,UL,160,2133,0.0,1.0,4.902,10.0,0.0,3.741,3.741,0.813,0.201,4.6,18.6
RPLP682,UL,170,2172,1.68,1.0,4.902,10.0,0.0,5.421,5.421,1.129,0.288,4.8,18.8
RPLP682,UL,180,1863,0.0,1.0,4.902,10.0,0.0,5.421,5.421,1.129,0.288,4.8,18.8
RPLP682,UL,190,1245,0.0,1.0,4.902,10.0,0.0,5.421,5.421,1.129,0.288,4.8,18.8
RPLP682,UL,200,5001,0.0,1.0,4.902,10.0,0.0,5.421,5.421,1.106,0.287,4.9,18.9
RPLP682,UL,210,11,0.0,1.0,4.902,10.0,0.0,5.421,5.421,1.106,0.287,4.9,18.9
RPLP682,UL,220,7820,0.0,1.0,4.902,10.0,0.0,5.421,5.421,0.86,0.267,6.3,20.3
RPLP682,UL,230,7827,0.0,1.0,4.902,10.0,0.0,5.421,5.421,0.86,0.267,6.3,20.3
RPLP682,UL,240,7060,0.0,1.0,4.902,10.0,0.0,5.421,5.421,0.847,0.266,6.4,20.4
RPLP682,UL,250,8585,0.0,1.0,4.902,10.0,0.0,5.421,5.421,0.847,0.266,6.4,20.4
RPLP682,UL,260,8780,0.0,1.0,4.902,10.0,0.0,5.421,5.421,0.847,0.266,6.4,20.4
RPLP682,UL,270,8832,0.0,1.0,4.902,10.0,0.0,5.421,5.421,0.834,0.264,6.5,20.5
RPLP682,UL,280,7571,0.0,0.95,4.902,10.0,0.0,5.421,5.421,0.797,0.261,6.8,20.8
RPLP682,UL,290,3777,0.0,1.0,4.902,10.0,0.0,5.149,5.149,0.757,0.248,6.8,20.8
RPLP682,UL,300,7391,0.0,1.0,4.902,10.0,0.0,5.149,5.149,0.757,0.248,6.8,20.8
RPLP682,UL,310,7200,0.0,1.0,4.902,10.0,0.0,5.149,5.149,0.746,0.246,6.9,20.9
RPLP682,UL,320,7290,0.0,1.0,4.902,10.0,0.0,5.149,5.149,0.746,0.246,6.9,20.9
RPLP682,UL,330,488,0.0,1.0,4.902,10.0,0.0,5.149,5.149,0.746,0.246,6.9,20.9
RPLP682,UL,340,7600,0.0,1.0,4.902,10.0,0.0,5.149,5.149,0.746,0.246,6.9,20.9
RPLP682,UL,350,5006,0.0,1.0,4.902,10.0,0.0,5.149,5.149,0.746,0.246,6.9,20.9
RPLP682,UL,360,6511,0.0,1.0,4.902,10.0,0.0,5.149,5.149,0.746,0.246,6.9,20.9
RPLP682,UL,370,8795,0.0,1.0,4.902,10.0,0.0,5.149,5.149,0.66,0.236,7.8,21.8
RPLP682,UL,380,7295,0.0,1.0,4.902,10.0,0.0,5.149,5.149,0.66,0.236,7.8,21.8
RPLP682,UL,390,7980,0.0,1.0,4.902,10.0,0.0,5.149,5.149,0.66,0.236,7.8,21.8
RPLP682,UL,400,6970,0.0,0.99,4.902,10.0,0.0,5.149,5.149,0.66,0.236,7.8,21.8
RPLP682,UL,410,7297,0.0,1.0,4.902,10.0,0.0,5.098,5.098,0.654,0.234,7.8,21.8
RPLP682,UL,420,6208,0.0,1.0,4.902,10.0,0.0,5.098,5.098,0.645,0.233,7.9,21.9
RPLP682,UL,430,6274,0.0,1.0,4.902,10.0,0.0,5.098,5.098,0.645,0.233,7.9,21.9
RPLP682,UL,440,6209,0.0,1.0,4.902,10.0,0.0,5.098,5.098,0.645,0.233,7.9,21.9
RPLP682,UL,450,6676,0.0,1.0,4.902,10.0,0.0,5.098,5.098,0.645,0.233,7.9,21.9
RPLP682,UL,460,7899,0.0,1.0,4.902,10.0,0.0,5.098,5.098,0.645,0.233,7.9,21.9
RPLP682,UL,470,6379,0.0,1.0,4.902,10.0,0.0,5.098,5.098,0.645,0.233,7.9,21.9
RPLP682,UL,480,7300,0.0,1.0,4.902,10.0,0.0,5.098,5.098,0.645,0.233,7.9,21.9
RPLP682,UL,490,1007,0.0,1.0,4.902,10.0,0.0,5.098,5.098,0.637,0.232,8.0,22.0
RPLP682,UL,500,6547,0.0,1.0,4.902,10.0,0.0,5.098,5.098,0.637,0.232,8.0,22.0
RPLP682,UL,510,8792,0.0,1.0,4.902,10.0,0.0,5.098,5.098,0.637,0.232,8.0,22.0
RPLP682,UL,520,1793,0.0,1.0,4.902,10.0,0.0,5.098,5.098,0.637,0.232,8.0,22.0
RPLP682,UL,530,7226,0.0,1.0,4.902,10.0,0.0,5.098,5.098,0.629,0.231,8.1,22.1
RPLP682,UL,540,7110,0.0,1.0,4.902,10.0,0.0,5.098,5.098,0.629,0.231,8.1,22.1
RPLP682,UL,550,7000,0.0,1.0,4.902,10.0,0.0,5.098,5.098,0.629,0.231,8.1,22.1
RPLP682,UL,560,8581,0.0,1.0,4.902,10.0,0.0,5.098,5.098,0.614,0.229,8.3,22.3
RPLP682,UL,570,7354,0.0,1.0,4.902,10.0,0.0,5.098,5.098,0.622,0.23,8.2,22.2
RPLP682,UL,580,8756,0.0,1.0,4.902,10.0,0.0,5.098,5.098,0.622,0.23,8.2,22.2
RPLP682,UL,590,7333,0.0,1.0,4.902,10.0,0.0,5.098,5.098,0.622,0.23,8.2,22.2
RPLP682,UL,600,7474,0.0,1.0,4.902,10.0,0.0,5.098,5.098,0.622,0.23,8.2,22.2
RPLP682,UL,610,7475,0.0,1.0,4.902,10.0,0.0,5.098,5.098,0.614,0.229,8.3,22.3
RPLP682,UL,620,7345,0.0,1.0,4.902,10.0,0.0,5.098,5.098,0.614,0.229,8.3,22.3
RPLP682,UL,630,7399,0.0,1.0,4.902,10.0,0.0,5.098,5.098,0.579,0.224,8.8,22.8
RPLP682,UV,10,1209,0.0,1.0,0.0,0.0,10.0,0.0,10.633,0.0,0.695,1.3,15.3
RPLP682,UV,20,1204,0.0,1.0,0.0,0.0,10.0,0.0,10.633,0.0,0.673,1.8,15.8
RPLP682,UV,30,5651,0.0,1.0,0.0,0.0,10.0,0.0,10.633,0.0,0.669,1.9,15.9
RPLP682,UV,40,2004,0.0,1.0,0.0,0.0,10.0,0.0,10.633,0.0,0.66,2.1,16.1
RPLP682,UV,50,1225,0.0,1.0,0.0,0.0,10.0,0.0,10.633,0.0,0.637,2.7,16.7
RPLP682,UV,60,1429,0.0,1.0,0.0,0.0,10.0,0.0,10.633,0.0,0.629,2.9,16.9
RPLP682,UV,70,1235,0.0,1.0,0.0,0.0,10.0,0.0,10.633,0.0,0.611,3.4,17.4
RPLP682,UV,80,1430,0.0,1.0,0.0,0.0,10.0,0.0,10.633,0.0,0.604,3.6,17.6
RPLP682,UV,90,1237,0.0,1.0,0.0,0.0,10.0,0.0,10.633,0.0,0.604,3.6,17.6
RPLP682,UV,100,1253,0.0,1.0,0.0,0.0,10.0,0.0,10.633,0.0,0.604,3.6,17.6
RPLP682,UV,110,1299,0.0,1.0,0.0,0.0,10.0,0.0,10.633,0.0,0.604,3.6,17.6
RPLP682,UV,120,5653,0.0,1.0,0.0,0.0,10.0,0.0,10.633,0.0,0.597,3.8,17.8
RPLP682,UV,130,1268,0.0,1.0,0.0,0.0,10.0,0.0,10.633,0.0,0.597,3.8,17.8
RPLP682,UV,140,2171,0.0,1.0,0.0,0.0,10.0,0.0,10.633,0.0,0.594,3.9,17.9
RPLP682,UV,150,2150,0.0,1.0,0.0,0.0,10.0,0.0,10.633,0.0,0.591,4.0,18.0
RPLP682,UV,160,2133,0.0,1.0,0.0,0.0,10.0,0.0,10.633,0.0,0.572,4.6,18.6
RPLP682,UV,170,2172,0.0,1.0,0.0,0.0,10.0,0.0,10.633,0.0,0.566,4.8,18.8
RPLP682,UV,180,1863,0.0,1.0,0.0,0.0,10.0,0.0,10.633,0.0,0.566,4.8,18.8
RPLP682,UV,190,1245,0.0,1.0,0.0,0.0,10.0,0.0,10.633,0.0,0.566,4.8,18.8
RPLP682,UV,200,5001,0.0,1.0,0.0,0.0,10.0,0.0,10.633,0.0,0.563,4.9,18.9
RPLP682,UV,210,11,0.0,1.0,0.0,0.0,10.0,0.0,10.633,0.0,0.563,4.9,18.9
RPLP682,UV,220,7820,0.0,1.0,0.0,0.0,10.0,0.0,10.633,0.0,0.524,6.3,20.3
RPLP682,UV,230,7827,0.0,1.0,0.0,0.0,10.0,0.0,10.633,0.0,0.524,6.3,20.3
RPLP682,UV,240,7060,0.0,1.0,0.0,0.0,10.0,0.0,10.633,0.0,0.521,6.4,20.4
RPLP682,UV,250,8585,0.0,1.0,0.0,0.0,10.0,0.0,10.633,0.0,0.521,6.4,20.4
RPLP682,UV,260,8780,0.0,1.0,0.0,0.0,10.0,0.0,10.633,0.0,0.521,6.4,20.4
RPLP682,UV,270,8832,0.0,1.0,0.0,0.0,10.0,0.0,10.633,0.0,0.519,6.5,20.5
RPLP682,UV,280,7571,0.0,0.95,0.0,0.0,10.0,0.0,10.633,0.0,0.511,6.8,20.8
RPLP682,UV,290,3777,0.0,1.0,0.0,0.0,10.0,0.0,10.101,0.0,0.486,6.8,20.8
RPLP682,UV,300,7391,0.0,1.0,0.0,0.0,10.0,0.0,10.101,0.0,0.486,6.8,20.8
RPLP682,UV,310,7200,0.0,1.0,0.0,0.0,10.0,0.0,10.101,0.0,0.483,6.9,20.9
RPLP682,UV,320,7290,0.0,1.0,0.0,0.0,10.0,0.0,10.101,0.0,0.483,6.9,20.9
RPLP682,UV,330,488,0.0,1.0,0.0,0.0,10.0,0.0,10.101,0.0,0.483,6.9,20.9
RPLP682,UV,340,7600,0.0,1.0,0.0,0.0,10.0,0.0,10.101,0.0,0.483,6.9,20.9
RPLP682,UV,350,5006,0.0,1.0,0.0,0.0,10.0,0.0,10.101,0.0,0.483,6.9,20.9
RPLP682,UV,360,6511,0.0,1.0,0.0,0.0,10.0,0.0,10.101,0.0,0.483,6.9,20.9
RPLP682,UV,370,8795,0.0,1.0,0.0,0.0,10.0,0.0,10.101,0.0,0.463,7.8,21.8
RPLP682,UV,380,7295,0.0,1.0,0.0,0.0,10.0,0.0,10.101,0.0,0.463,7.8,21.8
RPLP682,UV,390,7980,0.0,1.0,0.0,0.0,10.0,0.0,10.101,0.0,0.463,7.8,21.8
RPLP682,UV,400,6970,0.0,0.99,0.0,0.0,10.0,0.0,10.101,0.0,0.463,7.8,21.8
RPLP682,UV,410,7297,0.0,1.0,0.0,0.0,10.0,0.0,10.0,0.0,0.459,7.8,21.8
RPLP682,UV,420,6208,0.0,1.0,0.0,0.0,10.0,0.0,10.0,0.0,0.457,7.9,21.9
RPLP682,UV,430,6274,0.0,1.0,0.0,0.0,10.0,0.0,10.0,0.0,0.457,7.9,21.9
RPLP682,UV,440,6209,0.0,1.0,0.0,0.0,10.0,0.0,10.0,0.0,0.457,7.9,21.9
RPLP682,UV,450,6676,0.0,1.0,0.0,0.0,10.0,0.0,10.0,0.0,0.457,7.9,21.9
RPLP682,UV,460,7899,0.0,1.0,0.0,0.0,10.0,0.0,10.0,0.0,0.457,7.9,21.9
RPLP682,UV,470,6379,0.0,1.0,0.0,0.0,10.0,0.0,10.0,0.0,0.457,7.9,21.9
RPLP682,UV,480,7300,0.0,1.0,0.0,0.0,10.0,0.0,10.0,0.0,0.457,7.9,21.9
RPLP682,UV,490,1007,0.0,1.0,0.0,0.0,10.0,0.0,10.0,0.0,0.455,8.0,22.0
RPLP682,UV,500,6547,0.0,1.0,0.0,0.0,10.0,0.0,10.0,0.0,0.455,8.0,22.0
RPLP682,UV,510,8792,0.0,1.0,0.0,0.0,10.0,0.0,10.0,0.0,0.455,8.0,22.0
RPLP682,UV,520,1793,0.0,1.0,0.0,0.0,10.0,0.0,10.0,0.0,0.455,8.0,22.0
RPLP682,UV,530,7226,0.0,1.0,0.0,0.0,10.0,0.0,10.0,0.0,0.452,8.1,22.1
RPLP682,UV,540,7110,0.0,1.0,0.0,0.0,10.0,0.0,10.0,0.0,0.452,8.1,22.1
RPLP682,UV,550,7000,0.0,1.0,0.0,0.0,10.0,0.0,10.0,0.0,0.452,8.1,22.1
RPLP682,UV,560,8581,0.0,1.0,0.0,0.0,10.0,0.0,10.0,0.0,0.448,8.3,22.3
RPLP682,UV,570,7354,0.0,1.0,0.0,0.0,10.0,0.0,10.0,0.0,0.45,8.2,22.2
RPLP682,UV,580,8756,0.0,1.0,0.0,0.0,10.0,0.0,10.0,0.0,0.45,8.2,22.2
RPLP682,UV,590,7333,0.0,1.0,0.0,0.0,10.0,0.0,10.0,0.0,0.45,8.2,22.2
RPLP682,UV,600,7474,0.0,1.0,0.0,0.0,10.0,0.0,10.0,0.0,0.45,8.2,22.2
RPLP682,UV,610,7475,0.0,1.0,0.0,0.0,10.0,0.0,10.0,0.0,0.448,8.3,22.3
RPLP682,UV,620,7345,0.0,1.0,0.0,0.0,10.0,0.0,10.0,0.0,0.448,8.3,22.3
RPLP682,UV,630,7399,0.0,1.0,0.0,0.0,10.0,0.0,10.0,0.0,0.439,8.8,22.8
RPLP682,UX,10,1209,0.0,1.0,0.0,0.0,5.0,0.0,5.316,0.0,0.347,1.3,15.3
RPLP682,UX,20,1204,0.0,1.0,0.0,0.0,5.0,0.0,5.316,0.0,0.336,1.8,15.8
RPLP682,UX,30,5651,0.0,1.0,0.0,0.0,5.0,0.0,5.316,0.0,0.334,1.9,15.9
RPLP682,UX,40,2004,0.0,1.0,0.0,0.0,5.0,0.0,5.316,0.0,0.33,2.1,16.1
RPLP682,UX,50,1225,0.0,1.0,0.0,0.0,5.0,0.0,5.316,0.0,0.318,2.7,16.7
RPLP682,UX,60,1429,0.0,1.0,0.0,0.0,5.0,0.0,5.316,0.0,0.315,2.9,16.9
RPLP682,UX,70,1235,0.0,1.0,0.0,0.0,5.0,0.0,5.316,0.0,0.306,3.4,17.4
RPLP682,UX,80,1430,0.0,1.0,0.0,0.0,5.0,0.0,5.316,0.0,0.302,3.6,17.6
RPLP682,UX,90,1237,0.0,1.0,0.0,0.0,5.0,0.0,5.316,0.0,0.302,3.6,17.6
RPLP682,UX,100,1253,0.0,1.0,0.0,0.0,5.0,0.0,5.316,0.0,0.302,3.6,17.6
RPLP682,UX,110,1299,0.0,1.0,0.0,0.0,5.0,0.0,5.316,0.0,0.302,3.6,17.6
RPLP682,UX,120,5653,0.0,1.0,0.0,0.0,5.0,0.0,5.316,0.0,0.299,3.8,17.8
RPLP682,UX,130,1268,0.0,1.0,0.0,0.0,5.0,0.0,5.316,0.0,0.299,3.8,17.8
RPLP682,UX,140,2171,0.0,1.0,0.0,0.0,5.0,0.0,5.316,0.0,0.297,3.9,17.9
RPLP682,UX,150,2150,0.0,1.0,0.0,0.0,5.0,0.0,5.316,0.0,0.295,4.0,18.0
RPLP682,UX,160,2133,0.0,1.0,0.0,0.0,5.0,0.0,5.316,0.0,0.286,4.6,18.6
RPLP682,UX,170,2172,0.0,1.0,0.0,0.0,5.0,0.0,5.316,0.0,0.283,4.8,18.8
RPLP682,UX,180,1863,0.0,1.0,0.0,0.0,5.0,0.0,5.316,0.0,0.283,4.8,18.8
RPLP682,UX,190,1245,0.0,1.0,0.0,0.0,5.0,0.0,5.316,0.0,0.283,4.8,18.8
RPLP682,UX,200,5001,0.0,1.0,0.0,0.0,5.0,0.0,5.316,0.0,0.281,4.9,18.9
RPLP682,UX,210,11,0.0,1.0,0.0,0.0,5.0,0.0,5.316,0.0,0.281,4.9,18.9
RPLP682,UX,220,7820,0.0,1.0,0.0,0.0,5.0,0.0,5.316,0.0,0.262,6.3,20.3
RPLP682,UX,230,7827,0.0,1.0,0.0,0.0,5.0,0.0,5.316,0.0,0.262,6.3,20.3
RPLP682,UX,240,7060,0.0,1.0,0.0,0.0,5.0,0.0,5.316,0.0,0.261,6.4,20.4
RPLP682,UX,250,8585,0.0,1.0,0.0,0.0,5.0,0.0,5.316,0.0,0.261,6.4,20.4
RPLP682,UX,260,8780,0.0,1.0,0.0,0.0,5.0,0.0,5.316,0.0,0.261,6.4,20.4
RPLP682,UX,270,8832,0.0,1.0,0.0,0.0,5.0,0.0,5.316,0.0,0.259,6.5,20.5
RPLP682,UX,280,7571,0.0,0.95,0.0,0.0,5.0,0.0,5.316,0.0,0.256,6.8,20.8
RPLP682,UX,290,3777,0.0,1.0,0.0,0.0,5.0,0.0,5.051,0.0,0.243,6.8,20.8
RPLP682,UX,300,7391,0.0,1.0,0.0,0.0,5.0,0.0,5.051,0.0,0.243,6.8,20.8
RPLP682,UX,310,7200,0.0,1.0,0.0,0.0,5.0,0.0,5.051,0.0,0.242,6.9,20.9
RPLP682,UX,320,7290,0.0,1.0,0.0,0.0,5.0,0.0,5.051,0.0,0.242,6.9,20.9
RPLP682,UX,330,488,0.0,1.0,0.0,0.0,5.0,0.0,5.051,0.0,0.242,6.9,20.9
RPLP682,UX,340,7600,0.0,1.0,0.0,0.0,5.0,0.0,5.051,0.0,0.242,6.9,20.9
RPLP682,UX,350,5006,0.0,1.0,0.0,0.0,5.0,0.0,5.051,0.0,0.242,6.9,20.9
RPLP682,UX,360,6511,0.0,1.0,0.0,0.0,5.0,0.0,5.051,0.0,0.242,6.9,20.9
RPLP682,UX,370,8795,0.0,1.0,0.0,0.0,5.0,0.0,5.051,0.0,0.232,7.8,21.8
RPLP682,UX,380,7295,0.0,1.0,0.0,0.0,5.0,0.0,5.051,0.0,0.232,7.8,21.8
RPLP682,UX,390,7980,0.0,1.0,0.0,0.0,5.0,0.0,5.051,0.0,0.232,7.8,21.8
RPLP682,UX,400,6970,0.0,0.99,0.0,0.0,5.0,0.0,5.051,0.0,0.232,7.8,21.8
RPLP682,UX,410,7297,0.0,1.0,0.0,0.0,5.0,0.0,5.0,0.0,0.229,7.8,21.8
RPLP682,UX,420,6208,0.0,1.0,0.0,0.0,5.0,0.0,5.0,0.0,0.228,7.9,21.9
RPLP682,UX,430,6274,0.0,1.0,0.0,0.0,5.0,0.0,5.0,0.0,0.228,7.9,21.9
RPLP682,UX,440,6209,0.0,1.0,0.0,0.0,5.0,0.0,5.0,0.0,0.228,7.9,21.9
RPLP682,UX,450,6676,0.0,1.0,0.0,0.0,5.0,0.0,5.0,0.0,0.228,7.9,21.9
RPLP682,UX,460,7899,0.0,1.0,0.0,0.0,5.0,0.0,5.0,0.0,0.228,7.9,21.9
RPLP682,UX,470,6379,0.0,1.0,0.0,0.0,5.0,0.0,5.0,0.0,0.228,7.9,21.9
RPLP682,UX,480,7300,0.0,1.0,0.0,0.0,5.0,0.0,5.0,0.0,0.228,7.9,21.9
RPLP682,UX,490,1007,0.0,1.0,0.0,0.0,5.0,0.0,5.0,0.0,0.227,8.0,22.0
RPLP682,UX,500,6547,0.0,1.0,0.0,0.0,5.0,0.0,5.0,0.0,0.227,8.0,22.0
RPLP682,UX,510,8792,0.0,1.0,0.0,0.0,5.0,0.0,5.0,0.0,0.227,8.0,22.0
RPLP682,UX,520,1793,0.0,1.0,0.0,0.0,5.0,0.0,5.0,0.0,0.227,8.0,22.0
RPLP682,UX,530,7226,0.0,1.0,0.0,0.0,5.0,0.0,5.0,0.0,0.226,8.1,22.1
RPLP682,UX,540,7110,0.0,1.0,0.0,0.0,5.0,0.0,5.0,0.0,0.226,8.1,22.1
RPLP682,UX,550,7000,0.0,1.0,0.0,0.0,5.0,0.0,5.0,0.0,0.226,8.1,22.1
RPLP682,UX,560,8581,0.0,1.0,0.0,0.0,5.0,0.0,5.0,0.0,0.224,8.3,22.3
RPLP682,UX,570,7354,0.0,1.0,0.0,0.0,5.0,0.0,5.0,0.0,0.225,8.2,22.2
RPLP682,UX,580,8756,0.0,1.0,0.0,0.0,5.0,0.0,5.0,0.0,0.225,8.2,22.2
RPLP682,UX,590,7333,0.0,1.0,0.0,0.0,5.0,0.0,5.0,0.0,0.225,8.2,22.2
RPLP682,UX,600,7474,0.0,1.0,0.0,0.0,5.0,0.0,5.0,0.0,0.225,8.2,22.2
RPLP682,UX,610,7475,0.0,1.0,0.0,0.0,5.0,0.0,5.0,0.0,0.224,8.3,22.3
RPLP682,UX,620,7345,0.0,1.0,0.0,0.0,5.0,0.0,5.0,0.0,0.224,8.3,22.3
RPLP682,UX,630,7399,0.0,1.0,0.0,0.0,5.0,0.0,5.0,0.0,0.219,8.8,22.8
RPRP282,FF,10,1209,0.0,1.0,94.653,202.368,91.723,-37.23,59.32,-28.639,3.877,1.3,15.3
RPRP282,FF,20,1204,0.0,1.0,94.653,202.368,91.723,-37.23,59.32,-20.683,3.754,1.8,15.8
RPRP282,FF,30,5651,0.976,1.0,94.653,202.368,91.723,-36.254,60.296,-19.081,3.792,1.9,15.9
RPRP282,FF,40,2004,3.58,1.0,94.653,202.368,91.723,-32.674,63.876,-15.559,3.967,2.1,16.1
RPRP282,FF,50,1225,3.58,1.0,94.653,202.368,91.723,-29.094,67.456,-10.776,4.039,2.7,16.7
RPRP282,FF,60,1429,0.0,1.0,94.653,202.368,91.723,-29.094,67.456,-10.032,3.992,2.9,16.9
RPRP282,FF,70,1235,1.788,1.0,94.653,202.368,91.723,-27.306,69.244,-8.031,3.98,3.4,17.4
RPRP282,FF,80,1430,0.0,1.0,94.653,202.368,91.723,-27.306,69.244,-7.585,3.934,3.6,17.6
RPRP282,FF,90,5653,1.79,1.0,94.653,202.368,91.723,-25.516,71.034,-6.715,3.991,3.8,17.8
RPRP282,FF,100,2171,0.0,1.0,94.653,202.368,91.723,-25.516,71.034,-6.543,3.968,3.9,17.9
RPRP282,FF,110,2150,0.0,1.0,94.653,202.368,91.723,-25.516,71.034,-6.379,3.946,4.0,18.0
RPRP282,FF,120,2133,3.58,1.0,94.653,202.368,91.723,-21.936,74.614,-4.769,4.012,4.6,18.6
RPRP282,FF,130,2172,0.0,1.0,94.653,202.368,91.723,-21.936,74.614,-4.57,3.969,4.8,18.8
RPRP282,FF,140,1863,0.0,1.0,94.653,202.368,91.723,-21.936,74.614,-4.57,3.969,4.8,18.8
RPRP282,FF,150,1245,0.0,1.0,94.653,202.368,91.723,-21.936,74.614,-4.57,3.969,4.8,18.8
RPRP282,FF,160,5001,0.0,1.0,94.653,202.368,91.723,-21.936,74.614,-4.477,3.948,4.9,18.9
RPRP282,FF,170,11,0.0,1.0,94.653,202.368,91.723,-21.936,74.614,-4.477,3.948,4.9,18.9
RPRP282,FF,180,7460,0.0,1.0,94.653,202.368,91.723,-21.936,74.614,-4.477,3.948,4.9,18.9
RPRP282,FF,190,7462,0.0,1.0,94.653,202.368,91.723,-21.936,74.614,-4.477,3.948,4.9,18.9
RPRP282,FF,200,7465,0.0,1.0,94.653,202.368,91.723,-21.936,74.614,-4.477,3.948,4.9,18.9
RPRP282,FF,210,7820,69.746,1.0,94.653,202.368,91.723,47.81,144.36,7.589,7.111,6.3,20.3
RPRP282,FF,220,7821,0.0,1.0,94.653,202.368,91.723,47.81,144.36,7.589,7.111,6.3,20.3
RPRP282,FF,230,7827,0.0,1.0,94.653,202.368,91.723,47.81,144.36,7.589,7.111,6.3,20.3
RPRP282,FF,240,7060,3.431,1.0,94.653,202.368,91.723,51.241,147.791,8.133,7.28,6.3,20.3
RPRP282,FF,250,8585,0.0,1.0,94.653,202.368,91.723,51.241,147.791,8.006,7.245,6.4,20.4
RPRP282,FF,260,8780,0.0,1.0,94.653,202.368,91.723,51.241,147.791,8.006,7.245,6.4,20.4
RPRP282,FF,270,8832,1.79,1.0,94.653,202.368,91.723,53.031,149.581,8.159,7.297,6.5,20.5
RPRP282,FF,280,7571,4.366,0.95,94.653,202.368,91.723,57.397,153.947,8.441,7.401,6.8,20.8
RPRP282,FF,290,7391,0.0,1.0,94.653,202.368,91.723,54.527,146.25,8.019,7.031,6.8,20.8
RPRP282,FF,300,7200,0.0,1.0,94.653,202.368,91.723,54.527,146.25,7.902,6.998,6.9,20.9
RPRP282,FF,310,3777,0.0,1.0,94.653,202.368,91.723,54.527,146.25,8.019,7.031,6.8,20.8
RPRP282,FF,320,7290,16.731,1.0,94.653,202.368,91.723,71.258,162.981,10.327,7.798,6.9,20.9
RPRP282,FF,330,7600,0.0,1.0,94.653,202.368,91.723,71.258,162.981,10.327,7.798,6.9,20.9
RPRP282,FF,340,5006,0.0,1.0,94.653,202.368,91.723,71.258,162.981,10.327,7.798,6.9,20.9
RPRP282,FF,350,6511,0.0,1.0,94.653,202.368,91.723,71.258,162.981,10.327,7.798,6.9,20.9
RPRP282,FF,360,488,0.0,1.0,94.653,202.368,91.723,71.258,162.981,8.69,7.341,8.2,22.2
RPRP282,FF,370,8795,0.0,1.0,94.653,202.368,91.723,71.258,162.981,8.69,7.341,8.2,22.2
RPRP282,FF,380,7295,0.0,1.0,94.653,202.368,91.723,71.258,162.981,8.69,7.341,8.2,22.2
RPRP282,FF,390,7980,0.0,1.0,94.653,202.368,91.723,71.258,162.981,8.69,7.341,8.2,22.2
RPRP282,FF,400,6944,0.0,1.0,94.653,202.368,91.723,71.258,162.981,8.69,7.341,8.2,22.2
RPRP282,FF,410,7297,22.647,1.0,94.653,202.368,91.723,93.905,185.628,11.452,8.362,8.2,22.2
RPRP282,FF,420,6208,0.0,1.0,94.653,202.368,91.723,93.905,185.628,11.452,8.362,8.2,22.2
RPRP282,FF,430,6209,0.0,1.0,94.653,202.368,91.723,93.905,185.628,11.452,8.362,8.2,22.2
RPRP282,FF,440,6274,0.0,1.0,94.653,202.368,91.723,93.905,185.628,11.452,8.362,8.2,22.2
RPRP282,FF,450,6676,0.0,1.0,94.653,202.368,91.723,93.905,185.628,11.452,8.362,8.2,22.2
RPRP282,FF,460,6379,0.0,1.0,94.653,202.368,91.723,93.905,185.628,11.452,8.362,8.2,22.2
RPRP282,FF,470,7906,9.38,1.0,94.653,202.368,91.723,103.285,195.008,12.444,8.745,8.3,22.3
RPRP282,FF,480,1007,0.0,1.0,94.653,202.368,91.723,103.285,195.008,12.296,8.706,8.4,22.4
RPRP282,FF,490,6547,0.0,1.0,94.653,202.368,91.723,103.285,195.008,12.296,8.706,8.4,22.4
RPRP282,FF,500,8792,0.0,1.0,94.653,202.368,91.723,103.285,195.008,-19.862,22.16,-5.2,8.8
RPRP282,FF,510,1793,0.0,1.0,94.653,202.368,91.723,103.285,195.008,12.296,8.706,8.4,22.4
RPRP282,FF,520,7333,0.0,1.0,94.653,202.368,91.723,103.285,195.008,12.296,8.706,8.4,22.4
RPRP282,FF,530,7226,0.0,1.0,94.653,202.368,91.723,103.285,195.008,12.151,8.667,8.5,22.5
RPRP282,FF,540,7000,0.0,1.0,94.653,202.368,91.723,103.285,195.008,12.151,8.667,8.5,22.5
RPRP282,FF,550,8581,0.0,1.0,94.653,202.368,91.723,103.285,195.008,12.01,8.629,8.6,22.6
RPRP282,FF,560,7354,1.412,1.0,94.653,202.368,91.723,104.697,196.42,12.174,8.691,8.6,22.6
RPRP282,FF,570,7475,3.018,1.0,94.653,202.368,91.723,107.715,199.438,12.381,8.786,8.7,22.7
RPRP282,FF,580,7345,0.0,1.0,94.653,202.368,91.723,107.715,199.438,12.381,8.786,8.7,22.7
RPRP282,FF,590,7399,0.0,1.0,94.653,202.368,91.723,107.715,199.438,12.24,8.747,8.8,22.8
RPRP682,FF,10,1209,0.0,1.0,53.952,57.501,0.0,-4.449,-4.449,-4.449,-0.334,-0.7,13.3
RPRP682,FF,20,1204,0.0,1.0,53.952,57.501,0.0,-4.449,-4.449,-2.471,-0.282,1.8,15.8
RPRP682,FF,30,5651,0.0,1.0,53.952,57.501,0.0,-4.449,-4.449,-2.341,-0.28,1.9,15.9
RPRP682,FF,40,2004,0.0,1.0,53.952,57.501,0.0,-4.449,-4.449,-2.118,-0.276,2.1,16.1
RPRP682,FF,50,1225,0.0,1.0,53.952,57.501,0.0,-4.449,-4.449,-1.648,-0.266,2.7,16.7
RPRP682,FF,60,1429,0.0,1.0,53.952,57.501,0.0,-4.449,-4.449,-1.534,-0.263,2.9,16.9
RPRP682,FF,70,1235,0.0,1.0,53.952,57.501,0.0,-4.449,-4.449,-1.308,-0.256,3.4,17.4
RPRP682,FF,80,1430,0.0,1.0,53.952,57.501,0.0,-4.449,-4.449,-1.236,-0.253,3.6,17.6
RPRP682,FF,90,1237,0.0,1.0,53.952,57.501,0.0,-4.449,-4.449,-1.236,-0.253,3.6,17.6
RPRP682,FF,100,1253,0.0,1.0,53.952,57.501,0.0,-4.449,-4.449,-1.236,-0.253,3.6,17.6
RPRP682,FF,110,1299,0.0,1.0,53.952,57.501,0.0,-4.449,-4.449,-1.236,-0.253,3.6,17.6
RPRP682,FF,120,5653,0.0,1.0,53.952,57.501,0.0,-4.449,-4.449,-1.171,-0.25,3.8,17.8
RPRP682,FF,130,1268,0.0,1.0,53.952,57.501,0.0,-4.449,-4.449,-1.171,-0.25,3.8,17.8
RPRP682,FF,140,2171,0.0,1.0,53.952,57.501,0.0,-4.449,-4.449,-1.141,-0.249,3.9,17.9
RPRP682,FF,150,2150,0.0,1.0,53.952,57.501,0.0,-4.449,-4.449,-1.112,-0.247,4.0,18.0
RPRP682,FF,160,2133,0.0,1.0,53.952,57.501,0.0,-4.449,-4.449,-0.967,-0.239,4.6,18.6
RPRP682,FF,170,2172,0.0,1.0,53.952,57.501,0.0,-4.449,-4.449,-0.927,-0.237,4.8,18.8
RPRP682,FF,180,1863,0.0,1.0,53.952,57.501,0.0,-4.449,-4.449,-0.927,-0.237,4.8,18.8
RPRP682,FF,190,1245,0.0,1.0,53.952,57.501,0.0,-4.449,-4.449,-0.927,-0.237,4.8,18.8
RPRP682,FF,200,5001,0.0,1.0,53.952,57.501,0.0,-4.449,-4.449,-0.908,-0.235,4.9,18.9
RPRP682,FF,210,11,0.0,1.0,53.952,57.501,0.0,-4.449,-4.449,-0.908,-0.235,4.9,18.9
RPRP682,FF,220,7820,0.0,1.0,53.952,57.501,0.0,-4.449,-4.449,-0.706,-0.219,6.3,20.3
RPRP682,FF,230,7827,0.0,1.0,53.952,57.501,0.0,-4.449,-4.449,-0.706,-0.219,6.3,20.3
RPRP682,FF,240,7060,0.0,1.0,53.952,57.501,0.0,-4.449,-4.449,-0.695,-0.218,6.4,20.4
RPRP682,FF,250,8585,0.0,1.0,53.952,57.501,0.0,-4.449,-4.449,-0.695,-0.218,6.4,20.4
RPRP682,FF,260,8780,0.0,1.0,53.952,57.501,0.0,-4.449,-4.449,-0.695,-0.218,6.4,20.4
RPRP682,FF,270,8832,1.792,1.0,53.952,57.501,0.0,-2.657,-2.657,-0.409,-0.13,6.5,20.5
RPRP682,FF,280,7571,0.0,0.957,53.952,57.501,0.0,-2.657,-2.657,-0.391,-0.128,6.8,20.8
RPRP682,FF,290,3777,0.0,1.0,53.952,57.501,0.0,-2.542,-2.542,-0.374,-0.122,6.8,20.8
RPRP682,FF,300,7391,0.0,1.0,53.952,57.501,0.0,-2.542,-2.542,-0.374,-0.122,6.8,20.8
RPRP682,FF,310,7200,0.0,1.0,53.952,57.501,0.0,-2.542,-2.542,-0.368,-0.122,6.9,20.9
RPRP682,FF,320,5006,0.0,1.0,53.952,57.501,0.0,-2.542,-2.542,-0.368,-0.122,6.9,20.9
RPRP682,FF,330,7290,0.012,1.0,53.952,57.501,0.0,-2.53,-2.53,-0.367,-0.121,6.9,20.9
RPRP682,FF,340,488,0.0,1.0,53.952,57.501,0.0,-2.53,-2.53,-0.367,-0.121,6.9,20.9
RPRP682,FF,350,7600,0.79,1.0,53.952,57.501,0.0,-1.74,-1.74,-0.252,-0.083,6.9,20.9
RPRP682,FF,360,6511,0.0,1.0,53.952,57.501,0.0,-1.74,-1.74,-0.252,-0.083,6.9,20.9
RPRP682,FF,370,8795,0.0,1.0,53.952,57.501,0.0,-1.74,-1.74,-0.229,-0.081,7.6,21.6
RPRP682,FF,380,7295,0.0,1.0,53.952,57.501,0.0,-1.74,-1.74,-0.229,-0.081,7.6,21.6
RPRP682,FF,390,7980,0.0,1.0,53.952,57.501,0.0,-1.74,-1.74,-0.229,-0.081,7.6,21.6
RPRP682,FF,400,6970,0.0,0.99,53.952,57.501,0.0,-1.74,-1.74,-0.223,-0.08,7.8,21.8
RPRP682,FF,410,7297,0.0,1.0,53.952,57.501,0.0,-1.723,-1.723,-0.221,-0.079,7.8,21.8
RPRP682,FF,420,6208,0.0,1.0,53.952,57.501,0.0,-1.723,-1.723,-0.218,-0.079,7.9,21.9
RPRP682,FF,430,6274,0.0,1.0,53.952,57.501,0.0,-1.723,-1.723,-0.218,-0.079,7.9,21.9
RPRP682,FF,440,6209,0.0,1.0,53.952,57.501,0.0,-1.723,-1.723,-0.218,-0.079,7.9,21.9
RPRP682,FF,450,6676,0.0,1.0,53.952,57.501,0.0,-1.723,-1.723,-0.218,-0.079,7.9,21.9
RPRP682,FF,460,7899,0.0,1.0,53.952,57.501,0.0,-1.723,-1.723,-0.218,-0.079,7.9,21.9
RPRP682,FF,470,6379,3.516,1.0,53.952,57.501,0.0,1.793,1.793,0.227,0.082,7.9,21.9
RPRP682,FF,480,7300,0.0,1.0,53.952,57.501,0.0,1.793,1.793,0.227,0.082,7.9,21.9
RPRP682,FF,490,1007,0.0,1.0,53.952,57.501,0.0,1.793,1.793,0.224,0.082,8.0,22.0
RPRP682,FF,500,6547,0.591,1.0,53.952,57.501,0.0,2.384,2.384,0.298,0.108,8.0,22.0
RPRP682,FF,510,8792,0.0,1.0,53.952,57.501,0.0,2.384,2.384,0.298,0.108,8.0,22.0
RPRP682,FF,520,1793,0.0,1.0,53.952,57.501,0.0,2.384,2.384,0.298,0.108,8.0,22.0
RPRP682,FF,530,7226,0.0,1.0,53.952,57.501,0.0,2.384,2.384,0.294,0.108,8.1,22.1
RPRP682,FF,540,7110,0.0,1.0,53.952,57.501,0.0,2.384,2.384,0.294,0.108,8.1,22.1
RPRP682,FF,550,7000,0.0,1.0,53.952,57.501,0.0,2.384,2.384,0.294,0.108,8.1,22.1
RPRP682,FF,560,8581,0.0,1.0,53.952,57.501,0.0,2.384,2.384,0.294,0.108,8.1,22.1
RPRP682,FF,570,7354,0.0,1.0,53.952,57.501,0.0,2.384,2.384,0.291,0.107,8.2,22.2
RPRP682,FF,580,8756,0.0,1.0,53.952,57.501,0.0,2.384,2.384,0.291,0.107,8.2,22.2
RPRP682,FF,590,7333,0.0,1.0,53.952,57.501,0.0,2.384,2.384,0.291,0.107,8.2,22.2
RPRP682,FF,600,7474,0.0,1.0,53.952,57.501,0.0,2.384,2.384,0.291,0.107,8.2,22.2
RPRP682,FF,610,7475,1.165,1.0,53.952,57.501,0.0,3.549,3.549,0.428,0.159,8.3,22.3
RPRP682,FF,620,7345,0.0,1.0,53.952,57.501,0.0,3.549,3.549,0.428,0.159,8.3,22.3
RPRP682,FF,630,7399,0.0,1.0,53.952,57.501,0.0,3.549,3.549,0.403,0.156,8.8,22.8
RPRP682,UL,10,1209,0.0,1.0,7.18,18.0,0.0,-2.222,-2.222,-2.222,-0.167,-0.7,13.3
RPRP682,UL,20,1204,0.0,1.0,7.18,18.0,0.0,-2.222,-2.222,-1.234,-0.141,1.8,15.8
RPRP682,UL,30,5651,0.0,1.0,7.18,18.0,0.0,-2.222,-2.222,-1.169,-0.14,1.9,15.9
RPRP682,UL,40,2004,0.0,1.0,7.18,18.0,0.0,-2.222,-2.222,-1.058,-0.138,2.1,16.1
RPRP682,UL,50,1225,0.0,1.0,7.18,18.0,0.0,-2.222,-2.222,-0.823,-0.133,2.7,16.7
RPRP682,UL,60,1429,0.0,1.0,7.18,18.0,0.0,-2.222,-2.222,-0.766,-0.131,2.9,16.9
RPRP682,UL,70,1235,0.0,1.0,7.18,18.0,0.0,-2.222,-2.222,-0.653,-0.128,3.4,17.4
RPRP682,UL,80,1430,0.0,1.0,7.18,18.0,0.0,-2.222,-2.222,-0.617,-0.126,3.6,17.6
RPRP682,UL,90,1237,0.0,1.0,7.18,18.0,0.0,-2.222,-2.222,-0.617,-0.126,3.6,17.6
RPRP682,UL,100,1253,0.0,1.0,7.18,18.0,0.0,-2.222,-2.222,-0.617,-0.126,3.6,17.6
RPRP682,UL,110,1299,0.0,1.0,7.18,18.0,0.0,-2.222,-2.222,-0.617,-0.126,3.6,17.6
RPRP682,UL,120,5653,0.0,1.0,7.18,18.0,0.0,-2.222,-2.222,-0.585,-0.125,3.8,17.8
RPRP682,UL,130,1268,0.0,1.0,7.18,18.0,0.0,-2.222,-2.222,-0.585,-0.125,3.8,17.8
RPRP682,UL,140,2171,0.0,1.0,7.18,18.0,0.0,-2.222,-2.222,-0.57,-0.124,3.9,17.9
RPRP682,UL,150,2150,0.0,1.0,7.18,18.0,0.0,-2.222,-2.222,-0.555,-0.123,4.0,18.0
RPRP682,UL,160,2133,0.0,1.0,7.18,18.0,0.0,-2.222,-2.222,-0.483,-0.119,4.6,18.6
RPRP682,UL,170,2172,0.0,1.0,7.18,18.0,0.0,-2.222,-2.222,-0.463,-0.118,4.8,18.8
RPRP682,UL,180,1863,0.0,1.0,7.18,18.0,0.0,-2.222,-2.222,-0.463,-0.118,4.8,18.8
RPRP682,UL,190,1245,0.0,1.0,7.18,18.0,0.0,-2.222,-2.222,-0.463,-0.118,4.8,18.8
RPRP682,UL,200,5001,0.0,1.0,7.18,18.0,0.0,-2.222,-2.222,-0.453,-0.118,4.9,18.9
RPRP682,UL,210,11,0.0,1.0,7.18,18.0,0.0,-2.222,-2.222,-0.453,-0.118,4.9,18.9
RPRP682,UL,220,7820,2.8,1.0,7.18,18.0,0.0,0.578,0.578,0.092,0.028,6.3,20.3
RPRP682,UL,230,7827,0.0,1.0,7.18,18.0,0.0,0.578,0.578,0.092,0.028,6.3,20.3
RPRP682,UL,240,7060,0.0,1.0,7.18,18.0,0.0,0.578,0.578,0.09,0.028,6.4,20.4
RPRP682,UL,250,8585,0.0,1.0,7.18,18.0,0.0,0.578,0.578,0.09,0.028,6.4,20.4
RPRP682,UL,260,8780,0.0,1.0,7.18,18.0,0.0,0.578,0.578,0.09,0.028,6.4,20.4
RPRP682,UL,270,8832,0.0,1.0,7.18,18.0,0.0,0.578,0.578,0.089,0.028,6.5,20.5
RPRP682,UL,280,7571,0.0,0.957,7.18,18.0,0.0,0.578,0.578,0.085,0.028,6.8,20.8
RPRP682,UL,290,3777,0.0,1.0,7.18,18.0,0.0,0.553,0.553,0.081,0.027,6.8,20.8
RPRP682,UL,300,7391,0.0,1.0,7.18,18.0,0.0,0.553,0.553,0.081,0.027,6.8,20.8
RPRP682,UL,310,7200,0.0,1.0,7.18,18.0,0.0,0.553,0.553,0.08,0.026,6.9,20.9
RPRP682,UL,320,5006,0.0,1.0,7.18,18.0,0.0,0.553,0.553,0.08,0.026,6.9,20.9
RPRP682,UL,330,7290,8.687,1.0,7.18,18.0,0.0,9.24,9.24,1.339,0.442,6.9,20.9
RPRP682,UL,340,488,0.0,1.0,7.18,18.0,0.0,9.24,9.24,1.339,0.442,6.9,20.9
RPRP682,UL,350,7600,0.0,1.0,7.18,18.0,0.0,9.24,9.24,1.339,0.442,6.9,20.9
RPRP682,UL,360,6511,0.0,1.0,7.18,18.0,0.0,9.24,9.24,1.339,0.442,6.9,20.9
RPRP682,UL,370,8795,0.0,1.0,7.18,18.0,0.0,9.24,9.24,1.216,0.428,7.6,21.6
RPRP682,UL,380,7295,0.0,1.0,7.18,18.0,0.0,9.24,9.24,1.216,0.428,7.6,21.6
RPRP682,UL,390,7980,0.0,1.0,7.18,18.0,0.0,9.24,9.24,1.216,0.428,7.6,21.6
RPRP682,UL,400,6970,0.0,0.99,7.18,18.0,0.0,9.24,9.24,1.185,0.424,7.8,21.8
RPRP682,UL,410,7297,0.0,1.0,7.18,18.0,0.0,9.148,9.148,1.173,0.42,7.8,21.8
RPRP682,UL,420,6208,0.0,1.0,7.18,18.0,0.0,9.148,9.148,1.158,0.418,7.9,21.9
RPRP682,UL,430,6274,0.0,1.0,7.18,18.0,0.0,9.148,9.148,1.158,0.418,7.9,21.9
RPRP682,UL,440,6209,0.0,1.0,7.18,18.0,0.0,9.148,9.148,1.158,0.418,7.9,21.9
RPRP682,UL,450,6676,0.0,1.0,7.18,18.0,0.0,9.148,9.148,1.158,0.418,7.9,21.9
RPRP682,UL,460,7899,0.0,1.0,7.18,18.0,0.0,9.148,9.148,1.158,0.418,7.9,21.9
RPRP682,UL,470,6379,0.0,1.0,7.18,18.0,0.0,9.148,9.148,1.158,0.418,7.9,21.9
RPRP682,UL,480,7300,0.794,1.0,7.18,18.0,0.0,9.942,9.942,1.258,0.454,7.9,21.9
RPRP682,UL,490,1007,0.0,1.0,7.18,18.0,0.0,9.942,9.942,1.243,0.452,8.0,22.0
RPRP682,UL,500,6547,0.0,1.0,7.18,18.0,0.0,9.942,9.942,1.243,0.452,8.0,22.0
RPRP682,UL,510,8792,0.0,1.0,7.18,18.0,0.0,9.942,9.942,1.243,0.452,8.0,22.0
RPRP682,UL,520,1793,0.0,1.0,7.18,18.0,0.0,9.942,9.942,1.243,0.452,8.0,22.0
RPRP682,UL,530,7226,0.878,1.0,7.18,18.0,0.0,10.82,10.82,1.336,0.49,8.1,22.1
RPRP682,UL,540,7110,0.0,1.0,7.18,18.0,0.0,10.82,10.82,1.336,0.49,8.1,22.1
RPRP682,UL,550,7000,0.0,1.0,7.18,18.0,0.0,10.82,10.82,1.336,0.49,8.1,22.1
RPRP682,UL,560,8581,0.0,1.0,7.18,18.0,0.0,10.82,10.82,1.336,0.49,8.1,22.1
RPRP682,UL,570,7354,0.0,1.0,7.18,18.0,0.0,10.82,10.82,1.32,0.487,8.2,22.2
RPRP682,UL,580,8756,0.0,1.0,7.18,18.0,0.0,10.82,10.82,1.32,0.487,8.2,22.2
RPRP682,UL,590,7333,0.0,1.0,7.18,18.0,0.0,10.82,10.82,1.32,0.487,8.2,22.2
RPRP682,UL,600,7474,0.0,1.0,7.18,18.0,0.0,10.82,10.82,1.32,0.487,8.2,22.2
RPRP682,UL,610,7475,0.0,1.0,7.18,18.0,0.0,10.82,10.82,1.304,0.485,8.3,22.3
RPRP682,UL,620,7345,0.0,1.0,7.18,18.0,0.0,10.82,10.82,1.304,0.485,8.3,22.3
RPRP682,UL,630,7399,0.0,1.0,7.18,18.0,0.0,10.82,10.82,1.23,0.475,8.8,22.8
RPRP682,UV,10,1209,0.0,1.0,0.0,13.0,0.0,8.719,8.719,-12.455,0.656,-0.7,13.3
RPRP682,UV,20,1204,0.0,1.0,0.0,13.0,0.0,8.719,8.719,4.844,0.552,1.8,15.8
RPRP682,UV,30,5651,0.0,1.0,0.0,13.0,0.0,8.719,8.719,4.589,0.548,1.9,15.9
RPRP682,UV,40,2004,0.0,1.0,0.0,13.0,0.0,8.719,8.719,4.152,0.542,2.1,16.1
RPRP682,UV,50,1225,0.0,1.0,0.0,13.0,0.0,8.719,8.719,3.229,0.522,2.7,16.7
RPRP682,UV,60,1429,0.0,1.0,0.0,13.0,0.0,8.719,8.719,3.006,0.516,2.9,16.9
RPRP682,UV,70,1235,0.0,1.0,0.0,13.0,0.0,8.719,8.719,2.564,0.501,3.4,17.4
RPRP682,UV,80,1430,0.0,1.0,0.0,13.0,0.0,8.719,8.719,2.422,0.495,3.6,17.6
RPRP682,UV,90,1237,0.0,1.0,0.0,13.0,0.0,8.719,8.719,2.422,0.495,3.6,17.6
RPRP682,UV,100,1253,0.0,1.0,0.0,13.0,0.0,8.719,8.719,2.422,0.495,3.6,17.6
RPRP682,UV,110,1299,0.0,1.0,0.0,13.0,0.0,8.719,8.719,2.422,0.495,3.6,17.6
RPRP682,UV,120,5653,0.0,1.0,0.0,13.0,0.0,8.719,8.719,2.294,0.49,3.8,17.8
RPRP682,UV,130,1268,0.0,1.0,0.0,13.0,0.0,8.719,8.719,2.294,0.49,3.8,17.8
RPRP682,UV,140,2171,0.0,1.0,0.0,13.0,0.0,8.719,8.719,2.236,0.487,3.9,17.9
RPRP682,UV,150,2150,0.0,1.0,0.0,13.0,0.0,8.719,8.719,2.18,0.484,4.0,18.0
RPRP682,UV,160,2133,0.0,1.0,0.0,13.0,0.0,8.719,8.719,1.895,0.469,4.6,18.6
RPRP682,UV,170,2172,0.0,1.0,0.0,13.0,0.0,8.719,8.719,1.816,0.464,4.8,18.8
RPRP682,UV,180,1863,0.0,1.0,0.0,13.0,0.0,8.719,8.719,1.816,0.464,4.8,18.8
RPRP682,UV,190,1245,0.0,1.0,0.0,13.0,0.0,8.719,8.719,1.816,0.464,4.8,18.8
RPRP682,UV,200,5001,0.0,1.0,0.0,13.0,0.0,8.719,8.719,1.779,0.461,4.9,18.9
RPRP682,UV,210,11,0.0,1.0,0.0,13.0,0.0,8.719,8.719,1.779,0.461,4.9,18.9
RPRP682,UV,220,7820,0.0,1.0,0.0,13.0,0.0,8.719,8.719,1.384,0.429,6.3,20.3
RPRP682,UV,230,7827,0.0,1.0,0.0,13.0,0.0,8.719,8.719,1.384,0.429,6.3,20.3
RPRP682,UV,240,7060,0.0,1.0,0.0,13.0,0.0,8.719,8.719,1.362,0.427,6.4,20.4
RPRP682,UV,250,8585,0.0,1.0,0.0,13.0,0.0,8.719,8.719,1.362,0.427,6.4,20.4
RPRP682,UV,260,8780,0.0,1.0,0.0,13.0,0.0,8.719,8.719,1.362,0.427,6.4,20.4
RPRP682,UV,270,8832,1.456,1.0,0.0,13.0,0.0,10.175,10.175,1.565,0.496,6.5,20.5
RPRP682,UV,280,7571,0.0,0.957,0.0,13.0,0.0,10.175,10.175,1.496,0.489,6.8,20.8
RPRP682,UV,290,3777,0.0,1.0,0.0,13.0,0.0,9.737,9.737,1.432,0.468,6.8,20.8
RPRP682,UV,300,7391,0.0,1.0,0.0,13.0,0.0,9.737,9.737,1.432,0.468,6.8,20.8
RPRP682,UV,310,7200,0.0,1.0,0.0,13.0,0.0,9.737,9.737,1.411,0.466,6.9,20.9
RPRP682,UV,320,5006,0.0,1.0,0.0,13.0,0.0,9.737,9.737,1.411,0.466,6.9,20.9
RPRP682,UV,330,7290,3.394,1.0,0.0,13.0,0.0,13.131,13.131,1.903,0.628,6.9,20.9
RPRP682,UV,340,488,0.0,1.0,0.0,13.0,0.0,13.131,13.131,1.903,0.628,6.9,20.9
RPRP682,UV,350,7600,0.0,1.0,0.0,13.0,0.0,13.131,13.131,1.903,0.628,6.9,20.9
RPRP682,UV,360,6511,0.0,1.0,0.0,13.0,0.0,13.131,13.131,1.903,0.628,6.9,20.9
RPRP682,UV,370,8795,0.0,1.0,0.0,13.0,0.0,13.131,13.131,1.728,0.608,7.6,21.6
RPRP682,UV,380,7295,0.0,1.0,0.0,13.0,0.0,13.131,13.131,1.728,0.608,7.6,21.6
RPRP682,UV,390,7980,0.0,1.0,0.0,13.0,0.0,13.131,13.131,1.728,0.608,7.6,21.6
RPRP682,UV,400,6970,0.0,0.99,0.0,13.0,0.0,13.131,13.131,1.684,0.602,7.8,21.8
RPRP682,UV,410,7297,0.0,1.0,0.0,13.0,0.0,13.0,13.0,1.667,0.596,7.8,21.8
RPRP682,UV,420,6208,0.0,1.0,0.0,13.0,0.0,13.0,13.0,1.646,0.594,7.9,21.9
RPRP682,UV,430,6274,0.0,1.0,0.0,13.0,0.0,13.0,13.0,1.646,0.594,7.9,21.9
RPRP682,UV,440,6209,0.0,1.0,0.0,13.0,0.0,13.0,13.0,1.646,0.594,7.9,21.9
RPRP682,UV,450,6676,0.0,1.0,0.0,13.0,0.0,13.0,13.0,1.646,0.594,7.9,21.9
RPRP682,UV,460,7899,0.0,1.0,0.0,13.0,0.0,13.0,13.0,1.646,0.594,7.9,21.9
RPRP682,UV,470,6379,0.0,1.0,0.0,13.0,0.0,13.0,13.0,1.646,0.594,7.9,21.9
RPRP682,UV,480,7300,0.0,1.0,0.0,13.0,0.0,13.0,13.0,1.646,0.594,7.9,21.9
RPRP682,UV,490,1007,0.0,1.0,0.0,13.0,0.0,13.0,13.0,1.625,0.591,8.0,22.0
RPRP682,UV,500,6547,0.0,1.0,0.0,13.0,0.0,13.0,13.0,1.625,0.591,8.0,22.0
RPRP682,UV,510,8792,0.0,1.0,0.0,13.0,0.0,13.0,13.0,1.625,0.591,8.0,22.0
RPRP682,UV,520,1793,0.0,1.0,0.0,13.0,0.0,13.0,13.0,1.625,0.591,8.0,22.0
RPRP682,UV,530,7226,0.0,1.0,0.0,13.0,0.0,13.0,13.0,1.605,0.588,8.1,22.1
RPRP682,UV,540,7110,0.0,1.0,0.0,13.0,0.0,13.0,13.0,1.605,0.588,8.1,22.1
RPRP682,UV,550,7000,0.0,1.0,0.0,13.0,0.0,13.0,13.0,1.605,0.588,8.1,22.1
RPRP682,UV,560,8581,0.0,1.0,0.0,13.0,0.0,13.0,13.0,1.605,0.588,8.1,22.1
RPRP682,UV,570,7354,0.0,1.0,0.0,13.0,0.0,13.0,13.0,1.585,0.586,8.2,22.2
RPRP682,UV,580,8756,0.0,1.0,0.0,13.0,0.0,13.0,13.0,1.585,0.586,8.2,22.2
RPRP682,UV,590,7333,0.0,1.0,0.0,13.0,0.0,13.0,13.0,1.585,0.586,8.2,22.2
RPRP682,UV,600,7474,0.0,1.0,0.0,13.0,0.0,13.0,13.0,1.585,0.586,8.2,22.2
RPRP682,UV,610,7475,0.0,1.0,0.0,13.0,0.0,13.0,13.0,1.566,0.583,8.3,22.3
RPRP682,UV,620,7345,0.0,1.0,0.0,13.0,0.0,13.0,13.0,1.566,0.583,8.3,22.3
RPRP682,UV,630,7399,0.0,1.0,0.0,13.0,0.0,13.0,13.0,1.477,0.57,8.8,22.8
RPRP682,UX,10,1209,0.0,1.0,0.848,0.0,0.0,-10.668,-10.668,-10.668,-0.802,-0.7,13.3
RPRP682,UX,20,1204,0.0,1.0,0.848,0.0,0.0,-10.668,-10.668,-5.927,-0.675,1.8,15.8
RPRP682,UX,30,5651,0.0,1.0,0.848,0.0,0.0,-10.668,-10.668,-5.615,-0.671,1.9,15.9
RPRP682,UX,40,2004,0.0,1.0,0.848,0.0,0.0,-10.668,-10.668,-5.08,-0.663,2.1,16.1
RPRP682,UX,50,1225,0.0,1.0,0.848,0.0,0.0,-10.668,-10.668,-3.951,-0.639,2.7,16.7
RPRP682,UX,60,1429,0.0,1.0,0.848,0.0,0.0,-10.668,-10.668,-3.679,-0.631,2.9,16.9
RPRP682,UX,70,1235,0.0,1.0,0.848,0.0,0.0,-10.668,-10.668,-3.138,-0.613,3.4,17.4
RPRP682,UX,80,1430,0.0,1.0,0.848,0.0,0.0,-10.668,-10.668,-2.963,-0.606,3.6,17.6
RPRP682,UX,90,1237,0.0,1.0,0.848,0.0,0.0,-10.668,-10.668,-2.963,-0.606,3.6,17.6
RPRP682,UX,100,1253,0.0,1.0,0.848,0.0,0.0,-10.668,-10.668,-2.963,-0.606,3.6,17.6
RPRP682,UX,110,1299,0.0,1.0,0.848,0.0,0.0,-10.668,-10.668,-2.963,-0.606,3.6,17.6
RPRP682,UX,120,5653,0.0,1.0,0.848,0.0,0.0,-10.668,-10.668,-2.807,-0.599,3.8,17.8
RPRP682,UX,130,1268,0.0,1.0,0.848,0.0,0.0,-10.668,-10.668,-2.807,-0.599,3.8,17.8
RPRP682,UX,140,2171,0.0,1.0,0.848,0.0,0.0,-10.668,-10.668,-2.735,-0.596,3.9,17.9
RPRP682,UX,150,2150,0.0,1.0,0.848,0.0,0.0,-10.668,-10.668,-2.667,-0.593,4.0,18.0
RPRP682,UX,160,2133,0.0,1.0,0.848,0.0,0.0,-10.668,-10.668,-2.319,-0.574,4.6,18.6
RPRP682,UX,170,2172,0.0,1.0,0.848,0.0,0.0,-10.668,-10.668,-2.222,-0.567,4.8,18.8
RPRP682,UX,180,1863,0.0,1.0,0.848,0.0,0.0,-10.668,-10.668,-2.222,-0.567,4.8,18.8
RPRP682,UX,190,1245,0.0,1.0,0.848,0.0,0.0,-10.668,-10.668,-2.222,-0.567,4.8,18.8
RPRP682,UX,200,5001,0.0,1.0,0.848,0.0,0.0,-10.668,-10.668,-2.177,-0.564,4.9,18.9
RPRP682,UX,210,11,0.0,1.0,0.848,0.0,0.0,-10.668,-10.668,-2.177,-0.564,4.9,18.9
RPRP682,UX,220,7820,0.0,1.0,0.848,0.0,0.0,-10.668,-10.668,-1.693,-0.526,6.3,20.3
RPRP682,UX,230,7827,0.0,1.0,0.848,0.0,0.0,-10.668,-10.668,-1.693,-0.526,6.3,20.3
RPRP682,UX,240,7060,0.0,1.0,0.848,0.0,0.0,-10.668,-10.668,-1.667,-0.523,6.4,20.4
RPRP682,UX,250,8585,0.0,1.0,0.848,0.0,0.0,-10.668,-10.668,-1.667,-0.523,6.4,20.4
RPRP682,UX,260,8780,0.0,1.0,0.848,0.0,0.0,-10.668,-10.668,-1.667,-0.523,6.4,20.4
RPRP682,UX,270,8832,0.0,1.0,0.848,0.0,0.0,-10.668,-10.668,-1.641,-0.52,6.5,20.5
RPRP682,UX,280,7571,0.0,0.957,0.848,0.0,0.0,-10.668,-10.668,-1.569,-0.513,6.8,20.8
RPRP682,UX,290,3777,0.0,1.0,0.848,0.0,0.0,-10.209,-10.209,-1.501,-0.491,6.8,20.8
RPRP682,UX,300,7391,0.0,1.0,0.848,0.0,0.0,-10.209,-10.209,-1.501,-0.491,6.8,20.8
RPRP682,UX,310,7200,0.0,1.0,0.848,0.0,0.0,-10.209,-10.209,-1.48,-0.488,6.9,20.9
RPRP682,UX,320,5006,0.0,1.0,0.848,0.0,0.0,-10.209,-10.209,-1.48,-0.488,6.9,20.9
RPRP682,UX,330,7290,0.001,1.0,0.848,0.0,0.0,-10.208,-10.208,-1.479,-0.488,6.9,20.9
RPRP682,UX,340,488,0.0,1.0,0.848,0.0,0.0,-10.208,-10.208,-1.479,-0.488,6.9,20.9
RPRP682,UX,350,7600,0.0,1.0,0.848,0.0,0.0,-10.208,-10.208,-1.479,-0.488,6.9,20.9
RPRP682,UX,360,6511,0.0,1.0,0.848,0.0,0.0,-10.208,-10.208,-1.479,-0.488,6.9,20.9
RPRP682,UX,370,8795,0.0,1.0,0.848,0.0,0.0,-10.208,-10.208,-1.343,-0.473,7.6,21.6
RPRP682,UX,380,7295,0.0,1.0,0.848,0.0,0.0,-10.208,-10.208,-1.343,-0.473,7.6,21.6
RPRP682,UX,390,7980,0.0,1.0,0.848,0.0,0.0,-10.208,-10.208,-1.343,-0.473,7.6,21.6
RPRP682,UX,400,6970,0.0,0.99,0.848,0.0,0.0,-10.208,-10.208,-1.309,-0.468,7.8,21.8
RPRP682,UX,410,7297,4.151,1.0,0.848,0.0,0.0,-5.955,-5.955,-0.763,-0.273,7.8,21.8
RPRP682,UX,420,6208,0.0,1.0,0.848,0.0,0.0,-5.955,-5.955,-0.754,-0.272,7.9,21.9
RPRP682,UX,430,6274,0.0,1.0,0.848,0.0,0.0,-5.955,-5.955,-0.754,-0.272,7.9,21.9
RPRP682,UX,440,6209,0.0,1.0,0.848,0.0,0.0,-5.955,-5.955,-0.754,-0.272,7.9,21.9
RPRP682,UX,450,6676,0.0,1.0,0.848,0.0,0.0,-5.955,-5.955,-0.754,-0.272,7.9,21.9
RPRP682,UX,460,7899,0.0,1.0,0.848,0.0,0.0,-5.955,-5.955,-0.754,-0.272,7.9,21.9
RPRP682,UX,470,6379,0.0,1.0,0.848,0.0,0.0,-5.955,-5.955,-0.754,-0.272,7.9,21.9
RPRP682,UX,480,7300,0.248,1.0,0.848,0.0,0.0,-5.707,-5.707,-0.722,-0.261,7.9,21.9
RPRP682,UX,490,1007,0.0,1.0,0.848,0.0,0.0,-5.707,-5.707,-0.713,-0.259,8.0,22.0
RPRP682,UX,500,6547,0.0,1.0,0.848,0.0,0.0,-5.707,-5.707,-0.713,-0.259,8.0,22.0
RPRP682,UX,510,8792,0.0,1.0,0.848,0.0,0.0,-5.707,-5.707,-0.713,-0.259,8.0,22.0
RPRP682,UX,520,1793,0.0,1.0,0.848,0.0,0.0,-5.707,-5.707,-0.713,-0.259,8.0,22.0
RPRP682,UX,530,7226,1.736,1.0,0.848,0.0,0.0,-3.971,-3.971,-0.49,-0.18,8.1,22.1
RPRP682,UX,540,7110,0.0,1.0,0.848,0.0,0.0,-3.971,-3.971,-0.49,-0.18,8.1,22.1
RPRP682,UX,550,7000,0.0,1.0,0.848,0.0,0.0,-3.971,-3.971,-0.49,-0.18,8.1,22.1
RPRP682,UX,560,8581,0.0,1.0,0.848,0.0,0.0,-3.971,-3.971,-0.49,-0.18,8.1,22.1
RPRP682,UX,570,7354,0.0,1.0,0.848,0.0,0.0,-3.971,-3.971,-0.484,-0.179,8.2,22.2
RPRP682,UX,580,8756,0.0,1.0,0.848,0.0,0.0,-3.971,-3.971,-0.484,-0.179,8.2,22.2
RPRP682,UX,590,7333,0.0,1.0,0.848,0.0,0.0,-3.971,-3.971,-0.484,-0.179,8.2,22.2
RPRP682,UX,600,7474,0.0,1.0,0.848,0.0,0.0,-3.971,-3.971,-0.484,-0.179,8.2,22.2
RPRP682,UX,610,7475,3.123,1.0,0.848,0.0,0.0,-0.848,-0.848,-0.102,-0.038,8.3,22.3
RPRP682,UX,620,7345,0.0,1.0,0.848,0.0,0.0,-0.848,-0.848,-0.102,-0.038,8.3,22.3
RPRP682,UX,630,7399,0.0,1.0,0.848,0.0,0.0,-0.848,-0.848,-0.096,-0.037,8.8,22.8
RPRS601,FF,10,1209,0.0,1.0,51.776,63.7,55.6,-30.362,26.946,-30.362,1.846,0.6,14.6
RPRS601,FF,20,1204,0.0,1.0,51.776,63.7,55.6,-30.362,26.946,-30.362,1.821,0.8,14.8
RPRS601,FF,30,5651,0.0,1.0,51.776,63.7,55.6,-30.362,26.946,-30.362,1.808,0.9,14.9
RPRS601,FF,40,2004,0.0,1.0,51.776,63.7,55.6,-30.362,26.946,-27.601,1.785,1.1,15.1
RPRS601,FF,50,1225,0.0,1.0,51.776,63.7,55.6,-30.362,26.946,-21.687,1.75,1.4,15.4
RPRS601,FF,60,1429,0.0,1.0,51.776,63.7,55.6,-30.362,26.946,-20.241,1.738,1.5,15.5
RPRS601,FF,70,1235,0.0,1.0,51.776,63.7,55.6,-30.362,26.946,-15.98,1.695,1.9,15.9
RPRS601,FF,80,1430,0.0,1.0,51.776,63.7,55.6,-30.362,26.946,-15.98,1.695,1.9,15.9
RPRS601,FF,90,1237,0.0,1.0,51.776,63.7,55.6,-30.362,26.946,-15.98,1.695,1.9,15.9
RPRS601,FF,100,1253,0.0,1.0,51.776,63.7,55.6,-30.362,26.946,-15.98,1.695,1.9,15.9
RPRS601,FF,110,5653,0.0,1.0,51.776,63.7,55.6,-30.362,26.946,-18.976,1.727,1.6,15.6
RPRS601,FF,120,2171,0.0,1.0,51.776,63.7,55.6,-30.362,26.946,-11.678,1.623,2.6,16.6
RPRS601,FF,130,2176,0.0,1.0,51.776,63.7,55.6,-30.362,26.946,-11.245,1.614,2.7,16.7
RPRS601,FF,140,1892,0.0,1.0,51.776,63.7,55.6,-30.362,26.946,-10.47,1.594,2.9,16.9
RPRS601,FF,150,2150,0.0,1.0,51.776,63.7,55.6,-30.362,26.946,-8.93,1.549,3.4,17.4
RPRS601,FF,160,2090,0.0,1.0,51.776,63.7,55.6,-30.362,26.946,-7.99,1.514,3.8,17.8
RPRS601,FF,170,1264,0.0,1.0,51.776,63.7,55.6,-30.362,26.946,-7.785,1.505,3.9,17.9
RPRS601,FF,180,1501,0.0,1.0,51.776,63.7,55.6,-30.362,26.946,-7.229,1.481,4.2,18.2
RPRS601,FF,190,1266,0.0,1.0,51.776,63.7,55.6,-30.362,26.946,-6.325,1.433,4.8,18.8
RPRS601,FF,200,1268,0.0,1.0,51.776,63.7,55.6,-30.362,26.946,-6.325,1.433,4.8,18.8
RPRS601,FF,210,4992,0.0,1.0,51.776,63.7,55.6,-30.362,26.946,-5.953,1.411,5.1,19.1
RPRS601,FF,220,265,0.0,1.0,51.776,63.7,55.6,-30.362,26.946,-5.623,1.389,5.4,19.4
RPRS601,FF,230,2172,0.0,1.0,51.776,63.7,55.6,-30.362,26.946,-5.623,1.389,5.4,19.4
RPRS601,FF,240,4513,0.0,1.0,51.776,63.7,55.6,-30.362,26.946,-5.623,1.389,5.4,19.4
RPRS601,FF,250,5001,0.0,1.0,51.776,63.7,55.6,-30.362,26.946,-5.327,1.368,5.7,19.7
RPRS601,FF,260,11,0.0,1.0,51.776,63.7,55.6,-30.362,26.946,-5.327,1.368,5.7,19.7
RPRS601,FF,270,7464,0.0,1.0,51.776,63.7,55.6,-30.362,26.946,-5.327,1.368,5.7,19.7
RPRS601,FF,280,7391,1.469,1.0,51.776,63.7,55.6,-28.893,28.415,-5.069,1.442,5.7,19.7
RPRS601,FF,290,7820,1.465,1.0,51.776,63.7,55.6,-27.428,29.88,-4.354,1.472,6.3,20.3
RPRS601,FF,300,8832,0.0,1.0,51.776,63.7,55.6,-27.428,29.88,-4.033,1.437,6.8,20.8
RPRS601,FF,310,7060,0.0,1.0,51.776,63.7,55.6,-27.428,29.88,-4.033,1.437,6.8,20.8
RPRS601,FF,320,8585,0.0,1.0,51.776,63.7,55.6,-27.428,29.88,-4.033,1.437,6.8,20.8
RPRS601,FF,330,8780,0.0,1.0,51.776,63.7,55.6,-27.428,29.88,-4.033,1.437,6.8,20.8
RPRS601,FF,340,6555,0.0,1.0,51.776,63.7,55.6,-27.428,29.88,-4.033,1.437,6.8,20.8
RPRS601,FF,350,7571,1.489,0.98,51.776,63.7,55.6,-25.939,31.369,-3.759,1.501,6.9,20.9
RPRS601,FF,360,7572,0.0,1.0,51.776,63.7,55.6,-25.42,30.742,-3.684,1.471,6.9,20.9
RPRS601,FF,370,3777,0.0,1.0,51.776,63.7,55.6,-25.42,30.742,-3.684,1.471,6.9,20.9
RPRS601,FF,380,7200,0.0,1.0,51.776,63.7,55.6,-25.42,30.742,-3.631,1.464,7.0,21.0
RPRS601,FF,390,7290,30.224,1.0,51.776,63.7,55.6,4.804,60.966,0.686,2.903,7.0,21.0
RPRS601,FF,400,488,0.0,1.0,51.776,63.7,55.6,4.804,60.966,0.686,2.903,7.0,21.0
RPRS601,FF,410,7980,0.0,1.0,51.776,63.7,55.6,4.804,60.966,0.686,2.903,7.0,21.0
RPRS601,FF,420,7899,0.0,1.0,51.776,63.7,55.6,4.804,60.966,0.686,2.903,7.0,21.0
RPRS601,FF,430,6970,0.0,1.0,51.776,63.7,55.6,4.804,60.966,0.616,2.797,7.8,21.8
RPRS601,FF,440,6944,0.0,1.0,51.776,63.7,55.6,4.804,60.966,0.616,2.797,7.8,21.8
RPRS601,FF,450,7297,2.912,0.99,51.776,63.7,55.6,7.716,63.878,0.989,2.93,7.8,21.8
RPRS601,FF,460,8834,0.0,1.0,51.776,63.7,55.6,7.639,63.239,0.979,2.901,7.8,21.8
RPRS601,FF,470,6208,0.0,1.0,51.776,63.7,55.6,7.639,63.239,0.979,2.901,7.8,21.8
RPRS601,FF,480,6274,0.0,1.0,51.776,63.7,55.6,7.639,63.239,0.979,2.901,7.8,21.8
RPRS601,FF,490,6209,0.0,1.0,51.776,63.7,55.6,7.639,63.239,0.979,2.901,7.8,21.8
RPRS601,FF,500,6676,0.0,1.0,51.776,63.7,55.6,7.639,63.239,0.979,2.901,7.8,21.8
RPRS601,FF,510,6677,0.0,1.0,51.776,63.7,55.6,7.639,63.239,0.979,2.901,7.8,21.8
RPRS601,FF,520,6678,0.0,1.0,51.776,63.7,55.6,7.639,63.239,0.979,2.901,7.8,21.8
RPRS601,FF,530,7300,0.0,1.0,51.776,63.7,55.6,7.639,63.239,0.967,2.888,7.9,21.9
RPRS601,FF,540,1007,1.445,1.0,51.776,63.7,55.6,9.084,64.684,1.121,2.927,8.1,22.1
RPRS601,FF,550,6547,0.0,1.0,51.776,63.7,55.6,9.084,64.684,1.121,2.927,8.1,22.1
RPRS601,FF,560,8792,0.0,1.0,51.776,63.7,55.6,9.084,64.684,1.121,2.927,8.1,22.1
RPRS601,FF,570,7226,0.0,1.0,51.776,63.7,55.6,9.084,64.684,1.108,2.914,8.2,22.2
RPRS601,FF,580,7000,0.0,1.0,51.776,63.7,55.6,9.084,64.684,1.081,2.888,8.4,22.4
RPRS601,FF,590,7417,0.0,1.0,51.776,63.7,55.6,9.084,64.684,1.081,2.888,8.4,22.4
RPRS601,FF,600,7472,0.0,1.0,51.776,63.7,55.6,9.084,64.684,1.069,2.875,8.5,22.5
RPRS601,FF,610,7475,0.0,1.0,51.776,63.7,55.6,9.084,64.684,1.056,2.862,8.6,22.6
RPRS601,FF,620,7345,0.0,1.0,51.776,63.7,55.6,9.084,64.684,1.044,2.85,8.7,22.7
RPRS601,FF,630,7399,2.84,1.0,51.776,63.7,55.6,11.924,67.524,1.355,2.962,8.8,22.8
RPRS601,UV,10,1209,0.0,1.0,0.0,0.0,0.0,0.0,0.0,0.0,0.0,0.6,14.6
RPRS601,UV,20,1204,0.0,1.0,0.0,0.0,0.0,0.0,0.0,0.0,0.0,0.8,14.8
RPRS601,UV,30,5651,0.0,1.0,0.0,0.0,0.0,0.0,0.0,0.0,0.0,0.9,14.9
RPRS601,UV,40,2004,0.0,1.0,0.0,0.0,0.0,0.0,0.0,0.0,0.0,1.1,15.1
RPRS601,UV,50,1225,0.0,1.0,0.0,0.0,0.0,0.0,0.0,0.0,0.0,1.4,15.4
RPRS601,UV,60,1429,0.0,1.0,0.0,0.0,0.0,0.0,0.0,0.0,0.0,1.5,15.5
RPRS601,UV,70,1235,0.0,1.0,0.0,0.0,0.0,0.0,0.0,0.0,0.0,1.9,15.9
RPRS601,UV,80,1430,0.0,1.0,0.0,0.0,0.0,0.0,0.0,0.0,0.0,1.9,15.9
RPRS601,UV,90,1237,0.0,1.0,0.0,0.0,0.0,0.0,0.0,0.0,0.0,1.9,15.9
RPRS601,UV,100,1253,0.0,1.0,0.0,0.0,0.0,0.0,0.0,0.0,0.0,1.9,15.9
RPRS601,UV,110,5653,0.0,1.0,0.0,0.0,0.0,0.0,0.0,0.0,0.0,1.6,15.6
RPRS601,UV,120,2171,0.0,1.0,0.0,0.0,0.0,0.0,0.0,0.0,0.0,2.6,16.6
RPRS601,UV,130,2176,0.0,1.0,0.0,0.0,0.0,0.0,0.0,0.0,0.0,2.7,16.7
RPRS601,UV,140,1892,0.0,1.0,0.0,0.0,0.0,0.0,0.0,0.0,0.0,2.9,16.9
RPRS601,UV,150,2150,0.0,1.0,0.0,0.0,0.0,0.0,0.0,0.0,0.0,3.4,17.4
RPRS601,UV,160,2090,0.0,1.0,0.0,0.0,0.0,0.0,0.0,0.0,0.0,3.8,17.8
RPRS601,UV,170,1264,0.0,1.0,0.0,0.0,0.0,0.0,0.0,0.0,0.0,3.9,17.9
RPRS601,UV,180,1501,0.0,1.0,0.0,0.0,0.0,0.0,0.0,0.0,0.0,4.2,18.2
RPRS601,UV,190,1266,0.0,1.0,0.0,0.0,0.0,0.0,0.0,0.0,0.0,4.8,18.8
RPRS601,UV,200,1268,0.0,1.0,0.0,0.0,0.0,0.0,0.0,0.0,0.0,4.8,18.8
RPRS601,UV,210,4992,0.0,1.0,0.0,0.0,0.0,0.0,0.0,0.0,0.0,5.1,19.1
RPRS601,UV,220,265,0.0,1.0,0.0,0.0,0.0,0.0,0.0,0.0,0.0,5.4,19.4
RPRS601,UV,230,2172,0.0,1.0,0.0,0.0,0.0,0.0,0.0,0.0,0.0,5.4,19.4
RPRS601,UV,240,4513,0.0,1.0,0.0,0.0,0.0,0.0,0.0,0.0,0.0,5.4,19.4
RPRS601,UV,250,5001,0.0,1.0,0.0,0.0,0.0,0.0,0.0,0.0,0.0,5.7,19.7
RPRS601,UV,260,11,0.0,1.0,0.0,0.0,0.0,0.0,0.0,0.0,0.0,5.7,19.7
RPRS601,UV,270,7464,0.0,1.0,0.0,0.0,0.0,0.0,0.0,0.0,0.0,5.7,19.7
RPRS601,UV,280,7391,0.0,1.0,0.0,0.0,0.0,0.0,0.0,0.0,0.0,5.7,19.7
RPRS601,UV,290,7820,0.0,1.0,0.0,0.0,0.0,0.0,0.0,0.0,0.0,6.3,20.3
RPRS601,UV,300,8832,0.0,1.0,0.0,0.0,0.0,0.0,0.0,0.0,0.0,6.8,20.8
RPRS601,UV,310,7060,0.0,1.0,0.0,0.0,0.0,0.0,0.0,0.0,0.0,6.8,20.8
RPRS601,UV,320,8585,0.0,1.0,0.0,0.0,0.0,0.0,0.0,0.0,0.0,6.8,20.8
RPRS601,UV,330,8780,0.0,1.0,0.0,0.0,0.0,0.0,0.0,0.0,0.0,6.8,20.8
RPRS601,UV,340,6555,0.0,1.0,0.0,0.0,0.0,0.0,0.0,0.0,0.0,6.8,20.8
RPRS601,UV,350,7571,0.0,0.98,0.0,0.0,0.0,0.0,0.0,0.0,0.0,6.9,20.9
RPRS601,UV,360,7572,0.0,1.0,0.0,0.0,0.0,0.0,0.0,0.0,0.0,6.9,20.9
RPRS601,UV,370,3777,0.0,1.0,0.0,0.0,0.0,0.0,0.0,0.0,0.0,6.9,20.9
RPRS601,UV,380,7200,0.0,1.0,0.0,0.0,0.0,0.0,0.0,0.0,0.0,7.0,21.0
RPRS601,UV,390,7290,0.0,1.0,0.0,0.0,0.0,0.0,0.0,0.0,0.0,7.0,21.0
RPRS601,UV,400,488,0.0,1.0,0.0,0.0,0.0,0.0,0.0,0.0,0.0,7.0,21.0
RPRS601,UV,410,7980,0.0,1.0,0.0,0.0,0.0,0.0,0.0,0.0,0.0,7.0,21.0
RPRS601,UV,420,7899,0.0,1.0,0.0,0.0,0.0,0.0,0.0,0.0,0.0,7.0,21.0
RPRS601,UV,430,6970,0.0,1.0,0.0,0.0,0.0,0.0,0.0,0.0,0.0,7.8,21.8
RPRS601,UV,440,6944,0.0,1.0,0.0,0.0,0.0,0.0,0.0,0.0,0.0,7.8,21.8
RPRS601,UV,450,7297,0.0,0.99,0.0,0.0,0.0,0.0,0.0,0.0,0.0,7.8,21.8
RPRS601,UV,460,8834,0.0,1.0,0.0,0.0,0.0,0.0,0.0,0.0,0.0,7.8,21.8
RPRS601,UV,470,6208,0.0,1.0,0.0,0.0,0.0,0.0,0.0,0.0,0.0,7.8,21.8
RPRS601,UV,480,6274,0.0,1.0,0.0,0.0,0.0,0.0,0.0,0.0,0.0,7.8,21.8
RPRS601,UV,490,6209,0.0,1.0,0.0,0.0,0.0,0.0,0.0,0.0,0.0,7.8,21.8
RPRS601,UV,500,6676,0.0,1.0,0.0,0.0,0.0,0.0,0.0,0.0,0.0,7.8,21.8
RPRS601,UV,510,6677,0.0,1.0,0.0,0.0,0.0,0.0,0.0,0.0,0.0,7.8,21.8
RPRS601,UV,520,6678,0.0,1.0,0.0,0.0,0.0,0.0,0.0,0.0,0.0,7.8,21.8
RPRS601,UV,530,7300,0.0,1.0,0.0,0.0,0.0,0.0,0.0,0.0,0.0,7.9,21.9
RPRS601,UV,540,1007,0.0,1.0,0.0,0.0,0.0,0.0,0.0,0.0,0.0,8.1,22.1
RPRS601,UV,550,6547,0.0,1.0,0.0,0.0,0.0,0.0,0.0,0.0,0.0,8.1,22.1
RPRS601,UV,560,8792,0.0,1.0,0.0,0.0,0.0,0.0,0.0,0.0,0.0,8.1,22.1
RPRS601,UV,570,7226,0.0,1.0,0.0,0.0,0.0,0.0,0.0,0.0,0.0,8.2,22.2
RPRS601,UV,580,7000,0.0,1.0,0.0,0.0,0.0,0.0,0.0,0.0,0.0,8.4,22.4
RPRS601,UV,590,7417,0.0,1.0,0.0,0.0,0.0,0.0,0.0,0.0,0.0,8.4,22.4
RPRS601,UV,600,7472,0.0,1.0,0.0,0.0,0.0,0.0,0.0,0.0,0.0,8.5,22.5
RPRS601,UV,610,7475,0.0,1.0,0.0,0.0,0.0,0.0,0.0,0.0,0.0,8.6,22.6
RPRS601,UV,620,7345,0.0,1.0,0.0,0.0,0.0,0.0,0.0,0.0,0.0,8.7,22.7
RPRS601,UV,630,7399,0.0,1.0,0.0,0.0,0.0,0.0,0.0,0.0,0.0,8.8,22.8
RPRS601,UX,10,1209,0.0,1.0,0.0,0.0,0.0,0.0,0.0,0.0,0.0,0.6,14.6
RPRS601,UX,20,1204,0.0,1.0,0.0,0.0,0.0,0.0,0.0,0.0,0.0,0.8,14.8
RPRS601,UX,30,5651,0.0,1.0,0.0,0.0,0.0,0.0,0.0,0.0,0.0,0.9,14.9
RPRS601,UX,40,2004,0.0,1.0,0.0,0.0,0.0,0.0,0.0,0.0,0.0,1.1,15.1
RPRS601,UX,50,1225,0.0,1.0,0.0,0.0,0.0,0.0,0.0,0.0,0.0,1.4,15.4
RPRS601,UX,60,1429,0.0,1.0,0.0,0.0,0.0,0.0,0.0,0.0,0.0,1.5,15.5
RPRS601,UX,70,1235,0.0,1.0,0.0,0.0,0.0,0.0,0.0,0.0,0.0,1.9,15.9
RPRS601,UX,80,1430,0.0,1.0,0.0,0.0,0.0,0.0,0.0,0.0,0.0,1.9,15.9
RPRS601,UX,90,1237,0.0,1.0,0.0,0.0,0.0,0.0,0.0,0.0,0.0,1.9,15.9
RPRS601,UX,100,1253,0.0,1.0,0.0,0.0,0.0,0.0,0.0,0.0,0.0,1.9,15.9
RPRS601,UX,110,5653,0.0,1.0,0.0,0.0,0.0,0.0,0.0,0.0,0.0,1.6,15.6
RPRS601,UX,120,2171,0.0,1.0,0.0,0.0,0.0,0.0,0.0,0.0,0.0,2.6,16.6
RPRS601,UX,130,2176,0.0,1.0,0.0,0.0,0.0,0.0,0.0,0.0,0.0,2.7,16.7
RPRS601,UX,140,1892,0.0,1.0,0.0,0.0,0.0,0.0,0.0,0.0,0.0,2.9,16.9
RPRS601,UX,150,2150,0.0,1.0,0.0,0.0,0.0,0.0,0.0,0.0,0.0,3.4,17.4
RPRS601,UX,160,2090,0.0,1.0,0.0,0.0,0.0,0.0,0.0,0.0,0.0,3.8,17.8
RPRS601,UX,170,1264,0.0,1.0,0.0,0.0,0.0,0.0,0.0,0.0,0.0,3.9,17.9
RPRS601,UX,180,1501,0.0,1.0,0.0,0.0,0.0,0.0,0.0,0.0,0.0,4.2,18.2
RPRS601,UX,190,1266,0.0,1.0,0.0,0.0,0.0,0.0,0.0,0.0,0.0,4.8,18.8
RPRS601,UX,200,1268,0.0,1.0,0.0,0.0,0.0,0.0,0.0,0.0,0.0,4.8,18.8
RPRS601,UX,210,4992,0.0,1.0,0.0,0.0,0.0,0.0,0.0,0.0,0.0,5.1,19.1
RPRS601,UX,220,265,0.0,1.0,0.0,0.0,0.0,0.0,0.0,0.0,0.0,5.4,19.4
RPRS601,UX,230,2172,0.0,1.0,0.0,0.0,0.0,0.0,0.0,0.0,0.0,5.4,19.4
RPRS601,UX,240,4513,0.0,1.0,0.0,0.0,0.0,0.0,0.0,0.0,0.0,5.4,19.4
RPRS601,UX,250,5001,0.0,1.0,0.0,0.0,0.0,0.0,0.0,0.0,0.0,5.7,19.7
RPRS601,UX,260,11,0.0,1.0,0.0,0.0,0.0,0.0,0.0,0.0,0.0,5.7,19.7
RPRS601,UX,270,7464,0.0,1.0,0.0,0.0,0.0,0.0,0.0,0.0,0.0,5.7,19.7
RPRS601,UX,280,7391,0.0,1.0,0.0,0.0,0.0,0.0,0.0,0.0,0.0,5.7,19.7
RPRS601,UX,290,7820,0.0,1.0,0.0,0.0,0.0,0.0,0.0,0.0,0.0,6.3,20.3
RPRS601,UX,300,8832,0.0,1.0,0.0,0.0,0.0,0.0,0.0,0.0,0.0,6.8,20.8
RPRS601,UX,310,7060,0.0,1.0,0.0,0.0,0.0,0.0,0.0,0.0,0.0,6.8,20.8
RPRS601,UX,320,8585,0.0,1.0,0.0,0.0,0.0,0.0,0.0,0.0,0.0,6.8,20.8
RPRS601,UX,330,8780,0.0,1.0,0.0,0.0,0.0,0.0,0.0,0.0,0.0,6.8,20.8
RPRS601,UX,340,6555,0.0,1.0,0.0,0.0,0.0,0.0,0.0,0.0,0.0,6.8,20.8
RPRS601,UX,350,7571,0.0,0.98,0.0,0.0,0.0,0.0,0.0,0.0,0.0,6.9,20.9
RPRS601,UX,360,7572,0.0,1.0,0.0,0.0,0.0,0.0,0.0,0.0,0.0,6.9,20.9
RPRS601,UX,370,3777,0.0,1.0,0.0,0.0,0.0,0.0,0.0,0.0,0.0,6.9,20.9
RPRS601,UX,380,7200,0.0,1.0,0.0,0.0,0.0,0.0,0.0,0.0,0.0,7.0,21.0
RPRS601,UX,390,7290,0.0,1.0,0.0,0.0,0.0,0.0,0.0,0.0,0.0,7.0,21.0
RPRS601,UX,400,488,0.0,1.0,0.0,0.0,0.0,0.0,0.0,0.0,0.0,7.0,21.0
RPRS601,UX,410,7980,0.0,1.0,0.0,0.0,0.0,0.0,0.0,0.0,0.0,7.0,21.0
RPRS601,UX,420,7899,0.0,1.0,0.0,0.0,0.0,0.0,0.0,0.0,0.0,7.0,21.0
RPRS601,UX,430,6970,0.0,1.0,0.0,0.0,0.0,0.0,0.0,0.0,0.0,7.8,21.8
RPRS601,UX,440,6944,0.0,1.0,0.0,0.0,0.0,0.0,0.0,0.0,0.0,7.8,21.8
RPRS601,UX,450,7297,0.0,0.99,0.0,0.0,0.0,0.0,0.0,0.0,0.0,7.8,21.8
RPRS601,UX,460,8834,0.0,1.0,0.0,0.0,0.0,0.0,0.0,0.0,0.0,7.8,21.8
RPRS601,UX,470,6208,0.0,1.0,0.0,0.0,0.0,0.0,0.0,0.0,0.0,7.8,21.8
RPRS601,UX,480,6274,0.0,1.0,0.0,0.0,0.0,0.0,0.0,0.0,0.0,7.8,21.8
RPRS601,UX,490,6209,0.0,1.0,0.0,0.0,0.0,0.0,0.0,0.0,0.0,7.8,21.8
RPRS601,UX,500,6676,0.0,1.0,0.0,0.0,0.0,0.0,0.0,0.0,0.0,7.8,21.8
RPRS601,UX,510,6677,0.0,1.0,0.0,0.0,0.0,0.0,0.0,0.0,0.0,7.8,21.8
RPRS601,UX,520,6678,0.0,1.0,0.0,0.0,0.0,0.0,0.0,0.0,0.0,7.8,21.8
RPRS601,UX,530,7300,0.0,1.0,0.0,0.0,0.0,0.0,0.0,0.0,0.0,7.9,21.9
RPRS601,UX,540,1007,0.0,1.0,0.0,0.0,0.0,0.0,0.0,0.0,0.0,8.1,22.1
RPRS601,UX,550,6547,0.0,1.0,0.0,0.0,0.0,0.0,0.0,0.0,0.0,8.1,22.1
RPRS601,UX,560,8792,0.0,1.0,0.0,0.0,0.0,0.0,0.0,0.0,0.0,8.1,22.1
RPRS601,UX,570,7226,0.0,1.0,0.0,0.0,0.0,0.0,0.0,0.0,0.0,8.2,22.2
RPRS601,UX,580,7000,0.0,1.0,0.0,0.0,0.0,0.0,0.0,0.0,0.0,8.4,22.4
RPRS601,UX,590,7417,0.0,1.0,0.0,0.0,0.0,0.0,0.0,0.0,0.0,8.4,22.4
RPRS601,UX,600,7472,0.0,1.0,0.0,0.0,0.0,0.0,0.0,0.0,0.0,8.5,22.5
RPRS601,UX,610,7475,0.0,1.0,0.0,0.0,0.0,0.0,0.0,0.0,0.0,8.6,22.6
RPRS601,UX,620,7345,0.0,1.0,0.0,0.0,0.0,0.0,0.0,0.0,0.0,8.7,22.7
RPRS601,UX,630,7399,0.0,1.0,0.0,0.0,0.0,0.0,0.0,0.0,0.0,8.8,22.8
RPRS881,FF,10,1209,0.0,1.0,54.096,107.887,60.369,-39.309,22.928,-39.309,1.57,0.6,14.6
RPRS881,FF,20,1204,16.339,1.0,54.096,107.887,60.369,-22.97,39.267,-22.97,2.653,0.8,14.8
RPRS881,FF,30,5651,0.0,1.0,54.096,107.887,60.369,-22.97,39.267,-22.97,2.635,0.9,14.9
RPRS881,FF,40,2004,0.0,1.0,54.096,107.887,60.369,-22.97,39.267,-20.881,2.6,1.1,15.1
RPRS881,FF,50,1225,0.0,1.0,54.096,107.887,60.369,-22.97,39.267,-19.141,2.583,1.2,15.2
RPRS881,FF,60,1429,0.0,1.0,54.096,107.887,60.369,-22.97,39.267,-17.669,2.566,1.3,15.3
RPRS881,FF,70,1235,0.0,1.0,54.096,107.887,60.369,-22.97,39.267,-17.669,2.566,1.3,15.3
RPRS881,FF,80,1430,0.0,1.0,54.096,107.887,60.369,-22.97,39.267,-16.407,2.55,1.4,15.4
RPRS881,FF,90,1237,0.0,1.0,54.096,107.887,60.369,-22.97,39.267,-16.407,2.55,1.4,15.4
RPRS881,FF,100,1253,0.0,1.0,54.096,107.887,60.369,-22.97,39.267,-16.407,2.55,1.4,15.4
RPRS881,FF,110,5653,0.0,1.0,54.096,107.887,60.369,-22.97,39.267,-15.313,2.533,1.5,15.5
RPRS881,FF,120,2171,0.0,1.0,54.096,107.887,60.369,-22.97,39.267,-12.761,2.485,1.8,15.8
RPRS881,FF,130,2176,0.0,1.0,54.096,107.887,60.369,-22.97,39.267,-12.761,2.485,1.8,15.8
RPRS881,FF,140,1892,0.0,1.0,54.096,107.887,60.369,-22.97,39.267,-9.987,2.409,2.3,16.3
RPRS881,FF,150,2150,0.0,1.0,54.096,107.887,60.369,-22.97,39.267,-9.188,2.38,2.5,16.5
RPRS881,FF,160,2090,0.0,1.0,54.096,107.887,60.369,-22.97,39.267,-6.96,2.27,3.3,17.3
RPRS881,FF,170,1264,0.0,1.0,54.096,107.887,60.369,-22.97,39.267,-6.756,2.257,3.4,17.4
RPRS881,FF,180,1501,0.0,1.0,54.096,107.887,60.369,-22.97,39.267,-6.38,2.231,3.6,17.6
RPRS881,FF,190,1266,0.0,1.0,54.096,107.887,60.369,-22.97,39.267,-5.602,2.169,4.1,18.1
RPRS881,FF,200,1268,0.0,1.0,54.096,107.887,60.369,-22.97,39.267,-5.602,2.169,4.1,18.1
RPRS881,FF,210,4992,0.0,1.0,54.096,107.887,60.369,-22.97,39.267,-5.342,2.146,4.3,18.3
RPRS881,FF,220,265,0.0,1.0,54.096,107.887,60.369,-22.97,39.267,-4.993,2.111,4.6,18.6
RPRS881,FF,230,2172,0.0,1.0,54.096,107.887,60.369,-22.97,39.267,-4.785,2.089,4.8,18.8
RPRS881,FF,240,4513,0.0,1.0,54.096,107.887,60.369,-22.97,39.267,-4.785,2.089,4.8,18.8
RPRS881,FF,250,5001,0.0,1.0,54.096,107.887,60.369,-22.97,39.267,-4.785,2.089,4.8,18.8
RPRS881,FF,260,11,0.0,1.0,54.096,107.887,60.369,-22.97,39.267,-4.785,2.089,4.8,18.8
RPRS881,FF,270,7465,0.0,1.0,54.096,107.887,60.369,-22.97,39.267,-4.785,2.089,4.8,18.8
RPRS881,FF,280,7460,0.0,1.0,54.096,107.887,60.369,-22.97,39.267,-4.785,2.089,4.8,18.8
RPRS881,FF,290,7462,0.0,1.0,54.096,107.887,60.369,-22.97,39.267,-4.785,2.089,4.8,18.8
RPRS881,FF,300,7463,0.0,1.0,54.096,107.887,60.369,-22.97,39.267,-4.785,2.089,4.8,18.8
RPRS881,FF,310,7464,0.0,1.0,54.096,107.887,60.369,-22.97,39.267,-4.785,2.089,4.8,18.8
RPRS881,FF,320,7391,2.938,1.0,54.096,107.887,60.369,-20.032,42.205,-4.173,2.245,4.8,18.8
RPRS881,FF,330,7820,0.0,1.0,54.096,107.887,60.369,-20.032,42.205,-3.18,2.079,6.3,20.3
RPRS881,FF,340,8832,0.0,1.0,54.096,107.887,60.369,-20.032,42.205,-2.99,2.039,6.7,20.7
RPRS881,FF,350,7060,0.0,1.0,54.096,107.887,60.369,-20.032,42.205,-2.946,2.029,6.8,20.8
RPRS881,FF,360,8585,0.0,1.0,54.096,107.887,60.369,-20.032,42.205,-2.946,2.029,6.8,20.8
RPRS881,FF,370,8780,0.0,1.0,54.096,107.887,60.369,-20.032,42.205,-2.946,2.029,6.8,20.8
RPRS881,FF,380,6555,0.0,1.0,54.096,107.887,60.369,-20.032,42.205,-2.946,2.029,6.8,20.8
RPRS881,FF,390,7571,1.779,0.97,54.096,107.887,60.369,-18.253,43.984,-2.645,2.104,6.9,20.9
RPRS881,FF,400,7572,0.0,1.0,54.096,107.887,60.369,-17.705,42.664,-2.566,2.041,6.9,20.9
RPRS881,FF,410,3777,0.0,1.0,54.096,107.887,60.369,-17.705,42.664,-2.566,2.041,6.9,20.9
RPRS881,FF,420,7200,0.0,1.0,54.096,107.887,60.369,-17.705,42.664,-2.529,2.032,7.0,21.0
RPRS881,FF,430,7290,52.013,1.0,54.096,107.887,60.369,34.308,94.677,4.901,4.508,7.0,21.0
RPRS881,FF,440,488,0.0,1.0,54.096,107.887,60.369,34.308,94.677,-6.598,10.759,-5.2,8.8
RPRS881,FF,450,6508,6.863,1.0,54.096,107.887,60.369,41.171,101.54,5.278,4.658,7.8,21.8
RPRS881,FF,460,6208,0.0,1.0,54.096,107.887,60.369,41.171,101.54,5.278,4.658,7.8,21.8
RPRS881,FF,470,6274,0.0,1.0,54.096,107.887,60.369,41.171,101.54,5.278,4.658,7.8,21.8
RPRS881,FF,480,8834,0.0,1.0,54.096,107.887,60.369,41.171,101.54,5.278,4.658,7.8,21.8
RPRS881,FF,490,6209,0.0,1.0,54.096,107.887,60.369,41.171,101.54,5.278,4.658,7.8,21.8
RPRS881,FF,500,6676,0.0,1.0,54.096,107.887,60.369,41.171,101.54,5.278,4.658,7.8,21.8
RPRS881,FF,510,6677,0.0,1.0,54.096,107.887,60.369,41.171,101.54,5.278,4.658,7.8,21.8
RPRS881,FF,520,6678,0.0,1.0,54.096,107.887,60.369,41.171,101.54,5.278,4.658,7.8,21.8
RPRS881,FF,530,6379,0.0,1.0,54.096,107.887,60.369,41.171,101.54,5.212,4.637,7.9,21.9
RPRS881,FF,540,7300,4.282,1.0,54.096,107.887,60.369,45.453,105.822,5.754,4.832,7.9,21.9
RPRS881,FF,550,1007,2.626,1.0,54.096,107.887,60.369,48.079,108.448,5.936,4.907,8.1,22.1
RPRS881,FF,560,6547,1.322,1.0,54.096,107.887,60.369,49.401,109.77,6.099,4.967,8.1,22.1
RPRS881,FF,570,8792,0.0,1.0,54.096,107.887,60.369,49.401,109.77,6.099,4.967,8.1,22.1
RPRS881,FF,580,7226,0.0,1.0,54.096,107.887,60.369,49.401,109.77,6.025,4.945,8.2,22.2
RPRS881,FF,590,7000,1.418,1.0,54.096,107.887,60.369,50.819,111.188,6.05,4.964,8.4,22.4
RPRS881,FF,600,7417,0.342,1.0,54.096,107.887,60.369,51.161,111.53,6.091,4.979,8.4,22.4
RPRS881,FF,610,7472,0.0,1.0,54.096,107.887,60.369,51.161,111.53,6.019,4.957,8.5,22.5
RPRS881,FF,620,7475,2.63,1.0,54.096,107.887,60.369,53.791,114.16,6.255,5.051,8.6,22.6
RPRS881,FF,630,7345,0.0,1.0,54.096,107.887,60.369,53.791,114.16,6.183,5.029,8.7,22.7
RPRS881,FF,640,7399,0.0,1.0,54.096,107.887,60.369,53.791,114.16,6.113,5.007,8.8,22.8
SKGB42,FF,10,1209,0.0,1.0,6.32,7.0,0.0,0.651,0.651,-0.383,0.053,-1.7,12.3
SKGB42,FF,20,971,0.0,1.0,6.32,7.0,0.0,0.651,0.651,-0.543,0.051,-1.2,12.8
SKGB42,FF,30,5651,0.0,1.0,6.32,7.0,0.0,0.651,0.651,-0.592,0.05,-1.1,12.9
SKGB42,FF,40,2004,0.0,1.0,6.32,7.0,0.0,0.651,0.651,-0.651,0.05,-1.0,13.0
SKGB42,FF,50,1225,0.0,1.0,6.32,7.0,0.0,0.651,0.651,-1.085,0.049,-0.6,13.4
SKGB42,FF,60,1429,0.0,1.0,6.32,7.0,0.0,0.651,0.651,-1.628,0.048,-0.4,13.6
SKGB42,FF,70,1235,0.0,1.0,6.32,7.0,0.0,0.651,0.651,0.0,0.047,0.0,14.0
SKGB42,FF,80,1430,0.0,1.0,6.32,7.0,0.0,0.651,0.651,3.256,0.046,0.2,14.2
SKGB42,FF,90,1237,0.0,1.0,6.32,7.0,0.0,0.651,0.651,1.302,0.045,0.5,14.5
SKGB42,FF,100,1253,0.0,1.0,6.32,7.0,0.0,0.651,0.651,1.302,0.045,0.5,14.5
SKGB42,FF,110,5653,0.0,1.0,6.32,7.0,0.0,0.651,0.651,0.93,0.044,0.7,14.7
SKGB42,FF,120,2171,0.0,1.0,6.32,7.0,0.0,0.651,0.651,0.724,0.044,0.9,14.9
SKGB42,FF,130,2152,0.0,1.0,6.32,7.0,0.0,0.651,0.651,0.724,0.044,0.9,14.9
SKGB42,FF,140,2133,0.0,1.0,6.32,7.0,0.0,0.651,0.651,0.465,0.042,1.4,15.4
SKGB42,FF,150,2172,0.0,1.0,6.32,7.0,0.0,0.651,0.651,0.383,0.041,1.7,15.7
SKGB42,FF,160,9696,0.0,1.0,6.32,7.0,0.0,0.651,0.651,0.362,0.041,1.8,15.8
SKGB42,FF,170,1091,0.0,1.0,6.32,7.0,0.0,0.651,0.651,0.343,0.041,1.9,15.9
SKGB42,FF,180,1863,0.0,1.0,6.32,7.0,0.0,0.651,0.651,0.343,0.041,1.9,15.9
SKGB42,FF,190,5001,0.0,1.0,6.32,7.0,0.0,0.651,0.651,0.326,0.041,2.0,16.0
SKGB42,FF,200,11,0.0,1.0,6.32,7.0,0.0,0.651,0.651,0.326,0.041,2.0,16.0
SKGB42,FF,210,7460,0.0,1.0,6.32,7.0,0.0,0.651,0.651,0.233,0.039,2.8,16.8
SKGB42,FF,220,7462,0.0,1.0,6.32,7.0,0.0,0.651,0.651,0.217,0.038,3.0,17.0
SKGB42,FF,230,7463,0.0,1.0,6.32,7.0,0.0,0.651,0.651,0.217,0.038,3.0,17.0
SKGB42,FF,240,7465,0.0,1.0,6.32,7.0,0.0,0.651,0.651,0.217,0.038,3.0,17.0
SKGB42,FF,250,6881,0.0,0.955,6.32,7.0,0.0,0.651,0.651,0.096,0.031,6.8,20.8
SKGB42,FF,260,6883,0.0,1.0,6.32,7.0,0.0,0.622,0.622,0.091,0.03,6.8,20.8
SKGB42,FF,270,6885,0.0,1.0,6.32,7.0,0.0,0.622,0.622,0.091,0.03,6.8,20.8
SKGB42,FF,280,7060,0.0,1.0,6.32,7.0,0.0,0.622,0.622,0.088,0.029,7.1,21.1
SKGB42,FF,290,7571,0.0,1.0,6.32,7.0,0.0,0.622,0.622,0.088,0.029,7.1,21.1
SKGB42,FF,300,3777,0.0,1.0,6.32,7.0,0.0,0.622,0.622,0.093,0.03,6.7,20.7
SKGB42,FF,310,7290,0.041,1.0,6.32,7.0,0.0,0.663,0.663,0.091,0.031,7.3,21.3
SKGB42,FF,320,7600,0.031,1.0,6.32,7.0,0.0,0.694,0.694,0.095,0.033,7.3,21.3
SKGB42,FF,330,488,0.0,1.0,6.32,7.0,0.0,0.694,0.694,0.094,0.032,7.4,21.4
SKGB42,FF,340,7310,0.0,1.0,6.32,7.0,0.0,0.694,0.694,0.093,0.032,7.5,21.5
SKGB42,FF,350,7297,0.0,0.98,6.32,7.0,0.0,0.694,0.694,0.087,0.032,8.0,22.0
SKGB42,FF,360,7906,0.0,1.0,6.32,7.0,0.0,0.68,0.68,0.083,0.031,8.2,22.2
SKGB42,FF,370,8555,0.0,1.0,6.32,7.0,0.0,0.68,0.68,0.083,0.031,8.2,22.2
SKGB42,FF,380,1793,0.0,1.0,6.32,7.0,0.0,0.68,0.68,0.083,0.031,8.2,22.2
SKGB42,FF,390,1680,0.0,1.0,6.32,7.0,0.0,0.68,0.68,0.082,0.03,8.3,22.3
SKGB42,FF,400,6982,0.0,1.0,6.32,7.0,0.0,0.68,0.68,0.081,0.03,8.4,22.4
SKGB42,FF,410,7226,0.0,1.0,6.32,7.0,0.0,0.68,0.68,0.081,0.03,8.4,22.4
SKGB42,FF,420,7356,0.0,1.0,6.32,7.0,0.0,0.68,0.68,0.081,0.03,8.4,22.4
SKGB42,FF,430,7000,0.0,1.0,6.32,7.0,0.0,0.68,0.68,0.08,0.03,8.5,22.5
SKGB42,FF,440,7354,0.0,1.0,6.32,7.0,0.0,0.68,0.68,0.08,0.03,8.5,22.5
SKGB42,FF,450,7333,0.0,1.0,6.32,7.0,0.0,0.68,0.68,0.08,0.03,8.5,22.5
SKGB42,FF,460,7339,0.0,1.0,6.32,7.0,0.0,0.68,0.68,0.08,0.03,8.5,22.5
SKGB42,FF,470,7474,0.0,1.0,6.32,7.0,0.0,0.68,0.68,0.08,0.03,8.5,22.5
SKGB42,FF,480,7475,0.0,1.0,6.32,7.0,0.0,0.68,0.68,0.079,0.03,8.6,22.6
SKGB42,FF,490,7345,0.0,1.0,6.32,7.0,0.0,0.68,0.68,0.078,0.03,8.7,22.7
SKGB42,FF,500,7399,0.0,1.0,6.32,7.0,0.0,0.68,0.68,0.077,0.03,8.8,22.8
SPRXCS,FF,10,1209,0.0,1.0,4.293,2.453,6.001,-7.953,-1.276,-7.953,0.456,-16.8,-2.8
SPRXCS,FF,20,1232,0.0,1.0,4.293,2.453,6.001,-7.953,-1.276,-7.953,0.456,-16.8,-2.8
SPRXCS,FF,30,5002,0.0,1.0,4.293,2.453,6.001,-7.953,-1.276,-7.953,0.456,-16.8,-2.8
SPRXCS,FF,40,1204,0.0,1.0,4.293,2.453,6.001,-7.953,-1.276,-7.953,0.58,-16.2,-2.2
SPRXCS,FF,50,5651,0.0,1.0,4.293,2.453,6.001,-7.953,-1.276,-7.953,0.709,-15.8,-1.8
SPRXCS,FF,60,2004,0.0,1.0,4.293,2.453,6.001,-7.953,-1.276,-7.953,1.063,-15.2,-1.2
SPRXCS,FF,70,1225,0.0,1.0,4.293,2.453,6.001,-7.953,-1.276,-7.953,6.379,-14.2,-0.2
SPRXCS,FF,80,1987,0.0,1.0,4.293,2.453,6.001,-7.953,-1.276,-7.953,0.0,-14.0,0.0
SPRXCS,FF,90,2135,0.0,1.0,4.293,2.453,6.001,-7.953,-1.276,-7.953,-6.379,-13.8,0.2
SPRXCS,FF,100,730,0.0,1.0,4.293,2.453,6.001,-7.953,-1.276,-7.953,-6.379,-13.8,0.2
SPRXCS,FF,110,1429,0.0,1.0,4.293,2.453,6.001,-7.953,-1.276,-7.953,-6.379,-13.8,0.2
SPRXCS,FF,120,970,0.0,1.0,4.293,2.453,6.001,-7.953,-1.276,-7.953,-1.595,-13.2,0.8
SPRXCS,FF,130,1430,0.0,1.0,4.293,2.453,6.001,-7.953,-1.276,-7.953,-1.595,-13.2,0.8
SPRXCS,FF,140,9643,0.0,1.0,4.293,2.453,6.001,-7.953,-1.276,-7.953,-3.189,-13.6,0.4
SPRXCS,FF,150,1237,0.0,1.0,4.293,2.453,6.001,-7.953,-1.276,-7.953,-3.189,-13.6,0.4
SPRXCS,FF,160,1299,0.0,1.0,4.293,2.453,6.001,-7.953,-1.276,-7.953,-1.822,-13.3,0.7
SPRXCS,FF,170,9644,0.0,1.0,4.293,2.453,6.001,-7.953,-1.276,-7.953,-1.822,-13.3,0.7
SPRXCS,FF,180,5653,0.0,1.0,4.293,2.453,6.001,-7.953,-1.276,-7.953,-0.709,-12.2,1.8
SPRXCS,FF,190,2036,0.0,1.0,4.293,2.453,6.001,-7.953,-1.276,-7.953,-0.709,-12.2,1.8
SPRXCS,FF,200,1892,0.0,1.0,4.293,2.453,6.001,-7.953,-1.276,-7.953,-0.709,-12.2,1.8
SPRXCS,FF,210,2150,0.0,1.0,4.293,2.453,6.001,-7.953,-1.276,-7.953,-0.709,-12.2,1.8
SPRXCS,FF,220,2152,0.0,1.0,4.293,2.453,6.001,-7.953,-1.276,-7.953,-0.709,-12.2,1.8
SPRXCS,FF,230,288,0.0,1.0,4.293,2.453,6.001,-7.953,-1.276,-7.953,-0.456,-11.2,2.8
SPRXCS,FF,240,6445,0.0,1.0,4.293,2.453,6.001,-7.953,-1.276,-7.953,-0.44,-11.1,2.9
SPRXCS,FF,250,2534,0.0,1.0,4.293,2.453,6.001,-7.953,-1.276,-7.953,-0.44,-11.1,2.9
SPRXCS,FF,260,6437,0.0,1.0,4.293,2.453,6.001,-7.953,-1.276,-7.953,-0.44,-11.1,2.9
SPRXCS,FF,270,2410,0.0,1.0,4.293,2.453,6.001,-7.953,-1.276,-7.953,-0.336,-10.2,3.8
SPRXCS,FF,280,2171,0.0,1.0,4.293,2.453,6.001,-7.953,-1.276,-7.953,-0.336,-10.2,3.8
SPRXCS,FF,290,2090,0.0,1.0,4.293,2.453,6.001,-7.953,-1.276,-7.953,-0.22,-8.2,5.8
SPRXCS,FF,300,7666,0.0,1.0,4.293,2.453,6.001,-7.953,-1.276,-7.953,-0.22,-8.2,5.8
SPRXCS,FF,310,1264,0.0,1.0,4.293,2.453,6.001,-7.953,-1.276,-7.953,-0.22,-8.2,5.8
SPRXCS,FF,320,1501,0.0,1.0,4.293,2.453,6.001,-7.953,-1.276,-7.953,-0.206,-7.8,6.2
SPRXCS,FF,330,1266,0.0,1.0,4.293,2.453,6.001,-7.953,-1.276,-7.953,-0.206,-7.8,6.2
SPRXCS,FF,340,4992,0.0,1.0,4.293,2.453,6.001,-7.953,-1.276,-7.953,-0.199,-7.6,6.4
SPRXCS,FF,350,265,0.0,1.0,4.293,2.453,6.001,-7.953,-1.276,-7.953,-0.188,-7.2,6.8
SPRXCS,FF,360,2172,0.0,1.0,4.293,2.453,6.001,-7.953,-1.276,-7.953,-0.188,-7.2,6.8
SPRXCS,FF,370,5001,0.0,1.0,4.293,2.453,6.001,-7.953,-1.276,-7.953,-0.114,-2.8,11.2
SPRXCS,FF,380,11,0.0,1.0,4.293,2.453,6.001,-7.953,-1.276,-7.953,-0.114,-2.8,11.2
SPRXCS,FF,390,7904,0.0,1.0,4.293,2.453,6.001,-7.953,-1.276,-7.953,-0.114,-2.8,11.2
SPRXCS,FF,400,1536,0.0,1.0,4.293,2.453,6.001,-7.953,-1.276,-7.953,-0.114,-2.8,11.2
SPRXCS,FF,410,6164,0.0,1.0,4.293,2.453,6.001,-7.953,-1.276,-7.953,-0.114,-2.8,11.2
SPRXCS,FF,420,8666,0.0,1.0,4.293,2.453,6.001,-7.953,-1.276,-7.953,-0.114,-2.8,11.2
SPRXCS,FF,430,7652,0.0,1.0,4.293,2.453,6.001,-7.953,-1.276,-7.953,-0.108,-2.2,11.8
SPRXCS,FF,440,6092,0.0,1.0,4.293,2.453,6.001,-7.953,-1.276,-7.953,-0.092,-0.2,13.8
SPRXCS,FF,450,6262,0.0,1.0,4.293,2.453,6.001,-7.953,-1.276,-7.953,-0.092,-0.2,13.8
SPRXCS,FF,460,6212,0.0,1.0,4.293,2.453,6.001,-7.953,-1.276,-7.953,-0.092,-0.2,13.8
SPRXCS,FF,470,8585,0.0,1.0,4.293,2.453,6.001,-7.953,-1.276,-7.953,-0.092,-0.2,13.8
SPRXCS,FF,480,8780,0.0,1.0,4.293,2.453,6.001,-7.953,-1.276,-7.953,-0.092,-0.2,13.8
SPRXCS,FF,490,7571,0.0,0.9142,4.293,2.453,6.001,-7.953,-1.276,-7.953,-0.09,0.2,14.2
SPRXCS,FF,500,3777,0.0,1.0,4.293,2.453,6.001,-7.271,-1.166,-7.271,-0.082,0.2,14.2
SPRXCS,FF,510,7290,1.139,1.0,4.293,2.453,6.001,-6.132,-0.027,-6.132,-0.002,0.2,14.2
SPRXCS,FF,520,488,0.0,1.0,4.293,2.453,6.001,-6.132,-0.027,-6.132,-0.002,0.2,14.2
SPRXCS,FF,530,7655,0.0,1.0,4.293,2.453,6.001,-6.132,-0.027,-6.132,-0.002,-0.8,13.2
SPRXCS,FF,540,6555,0.0,1.0,4.293,2.453,6.001,-6.132,-0.027,-6.132,-0.002,-0.2,13.8
SPRXCS,FF,550,6565,0.0,1.0,4.293,2.453,6.001,-6.132,-0.027,-3.406,-0.002,1.8,15.8
SPRXCS,FF,560,8748,0.0,0.989,4.293,2.453,6.001,-6.132,-0.027,-1.614,-0.002,3.8,17.8
SPRXCS,FF,570,8749,0.0,1.0,4.293,2.453,6.001,-6.064,-0.027,-1.046,-0.001,5.8,19.8
SPRXCS,FF,580,6386,0.0,1.0,4.293,2.453,6.001,-6.064,-0.027,-1.046,-0.001,5.8,19.8
SPRXCS,FF,590,7297,2.165,0.996,4.293,2.453,6.001,-3.899,2.138,-0.672,0.108,5.8,19.8
SPRXCS,FF,600,7899,0.0,1.0,4.293,2.453,6.001,-3.884,2.129,-0.67,0.108,5.8,19.8
SPRXCS,FF,610,6209,0.0,1.0,4.293,2.453,6.001,-3.884,2.129,-0.571,0.102,6.8,20.8
SPRXCS,FF,620,6676,0.0,1.0,4.293,2.453,6.001,-3.884,2.129,-0.571,0.102,6.8,20.8
SPRXCS,FF,630,6341,0.0,1.0,4.293,2.453,6.001,-3.884,2.129,-0.571,0.102,6.8,20.8
SPRXCS,FF,640,6342,0.106,0.998,4.293,2.453,6.001,-3.778,2.235,-0.556,0.107,6.8,20.8
SPRXCS,FF,650,7672,0.0,1.0,4.293,2.453,6.001,-3.77,2.231,-0.554,0.107,6.8,20.8
SPRXCS,FF,660,6208,0.0,1.0,4.293,2.453,6.001,-3.77,2.231,-0.483,0.102,7.8,21.8
SPRXCS,FF,670,6242,0.0,1.0,4.293,2.453,6.001,-3.77,2.231,-0.483,0.102,7.8,21.8
SPRXCS,FF,680,6260,0.0,1.0,4.293,2.453,6.001,-3.77,2.231,-0.483,0.102,7.8,21.8
SPRXCS,FF,690,8790,0.0,1.0,4.293,2.453,6.001,-3.77,2.231,-0.483,0.102,7.8,21.8
SPRXCS,FF,700,7300,0.134,1.0,4.293,2.453,6.001,-3.636,2.365,-0.466,0.108,7.8,21.8
SPRXCS,FF,710,1285,0.0,1.0,4.293,2.453,6.001,-3.636,2.365,-0.46,0.108,7.9,21.9
SPRXCS,FF,720,8728,0.706,1.0,4.293,2.453,6.001,-2.93,3.071,-0.371,0.14,7.9,21.9
SPRXCS,FF,730,7409,0.0,1.0,4.293,2.453,6.001,-2.93,3.071,-0.371,0.14,7.9,21.9
SPRXCS,FF,740,1310,0.0,1.0,4.293,2.453,6.001,-2.93,3.071,-0.371,0.14,7.9,21.9
SPRXCS,FF,750,1007,0.0,1.0,4.293,2.453,6.001,-2.93,3.071,-0.357,0.138,8.2,22.2
SPRXCS,FF,760,6547,0.08,1.0,4.293,2.453,6.001,-2.85,3.151,-0.348,0.142,8.2,22.2
SPRXCS,FF,770,339,0.228,1.0,4.293,2.453,6.001,-2.622,3.379,-0.32,0.152,8.2,22.2
SPRXCS,FF,780,8792,0.1,1.0,4.293,2.453,6.001,-2.522,3.479,-0.308,0.157,8.2,22.2
SPRXCS,FF,790,7226,0.0,1.0,4.293,2.453,6.001,-2.522,3.479,-0.3,0.155,8.4,22.4
SPRXCS,FF,800,7368,0.0,1.0,4.293,2.453,6.001,-2.522,3.479,-0.3,0.155,8.4,22.4
SPRXCS,FF,810,7510,0.0,1.0,4.293,2.453,6.001,-2.522,3.479,-0.3,0.155,8.4,22.4
SPRXCS,FF,820,7800,0.0,1.0,4.293,2.453,6.001,-2.522,3.479,-0.3,0.155,8.4,22.4
SPRXCS,FF,830,7472,0.0,1.0,4.293,2.453,6.001,-2.522,3.479,-0.3,0.155,8.4,22.4
SPRXCS,FF,840,7475,0.682,1.0,4.293,2.453,6.001,-1.84,4.161,-0.214,0.184,8.6,22.6
SPRXCS,FF,850,7345,0.0,1.0,4.293,2.453,6.001,-1.84,4.161,-0.214,0.184,8.6,22.6
SPRXCS,FF,860,7399,0.0,1.0,4.293,2.453,6.001,-1.84,4.161,-0.214,0.184,8.6,22.6
WCL,FF,10,1209,0.0,1.0,112.461,260.133,238.692,-78.728,177.6,-78.728,12.164,0.6,14.6
WCL,FF,20,1204,88.614,1.0,112.461,260.133,238.692,9.886,266.214,12.358,17.987,0.8,14.8
WCL,FF,30,5651,8.061,1.0,112.461,260.133,238.692,17.947,274.275,19.941,18.408,0.9,14.9
WCL,FF,40,2004,2.015,1.0,112.461,260.133,238.692,19.962,276.29,18.148,18.297,1.1,15.1
WCL,FF,50,1225,5.508,1.0,112.461,260.133,238.692,25.47,281.798,18.193,18.299,1.4,15.4
WCL,FF,60,1987,2.016,1.0,112.461,260.133,238.692,27.486,283.814,17.179,18.193,1.6,15.6
WCL,FF,70,2135,4.018,1.0,112.461,260.133,238.692,31.504,287.832,16.581,18.103,1.9,15.9
WCL,FF,80,730,0.0,1.0,112.461,260.133,238.692,31.504,287.832,15.752,17.989,2.0,16.0
WCL,FF,90,1429,2.013,1.0,112.461,260.133,238.692,33.517,289.845,15.961,18.003,2.1,16.1
WCL,FF,100,970,0.0,1.0,112.461,260.133,238.692,33.517,289.845,13.966,17.673,2.4,16.4
WCL,FF,110,1430,0.0,1.0,112.461,260.133,238.692,33.517,289.845,12.891,17.461,2.6,16.6
WCL,FF,120,1237,2.016,1.0,112.461,260.133,238.692,35.533,291.861,13.16,17.477,2.7,16.7
WCL,FF,130,1253,0.0,1.0,112.461,260.133,238.692,35.533,291.861,13.16,17.477,2.7,16.7
WCL,FF,140,1299,2.011,1.0,112.461,260.133,238.692,37.544,293.872,13.409,17.492,2.8,16.8
WCL,FF,150,5653,2.015,1.0,112.461,260.133,238.692,39.559,295.887,13.641,17.508,2.9,16.9
WCL,FF,160,2171,2.012,1.0,112.461,260.133,238.692,41.571,297.899,12.991,17.32,3.2,17.2
WCL,FF,170,2151,0.0,1.0,112.461,260.133,238.692,41.571,297.899,12.597,17.22,3.3,17.3
WCL,FF,180,2863,2.016,1.0,112.461,260.133,238.692,43.587,299.915,12.82,17.236,3.4,17.4
WCL,FF,190,2150,0.0,1.0,112.461,260.133,238.692,43.587,299.915,11.47,16.849,3.8,17.8
WCL,FF,200,2133,18.123,1.0,112.461,260.133,238.692,61.71,318.038,10.64,16.063,5.8,19.8
WCL,FF,210,2172,2.016,1.0,112.461,260.133,238.692,63.726,320.054,10.801,16.083,5.9,19.9
WCL,FF,220,5001,0.0,1.0,112.461,260.133,238.692,63.726,320.054,10.621,16.003,6.0,20.0
WCL,FF,230,11,0.0,1.0,112.461,260.133,238.692,63.726,320.054,10.621,16.003,6.0,20.0
WCL,FF,240,7820,24.152,1.0,112.461,260.133,238.692,87.878,344.206,13.949,16.956,6.3,20.3
WCL,FF,250,7060,1.933,1.0,112.461,260.133,238.692,89.811,346.139,14.256,17.051,6.3,20.3
WCL,FF,260,8585,0.0,1.0,112.461,260.133,238.692,89.811,346.139,14.033,16.968,6.4,20.4
WCL,FF,270,8780,0.0,1.0,112.461,260.133,238.692,89.811,346.139,13.817,16.885,6.5,20.5
WCL,FF,280,8832,2.01,1.0,112.461,260.133,238.692,91.821,348.149,14.126,16.983,6.5,20.5
WCL,FF,290,8833,0.0,1.0,112.461,260.133,238.692,91.821,348.149,14.126,16.983,6.5,20.5
WCL,FF,300,8834,0.0,1.0,112.461,260.133,238.692,91.821,348.149,14.126,16.983,6.5,20.5
WCL,FF,310,7571,4.022,0.96,112.461,260.133,238.692,95.843,352.171,14.522,17.096,6.6,20.6
WCL,FF,320,3777,0.0,1.0,112.461,260.133,238.692,92.01,338.084,13.941,16.412,6.6,20.6
WCL,FF,330,5006,0.0,1.0,112.461,260.133,238.692,92.01,338.084,13.531,16.254,6.8,20.8
WCL,FF,340,7290,6.368,1.0,112.461,260.133,238.692,98.378,344.452,14.467,16.56,6.8,20.8
WCL,FF,350,488,0.0,1.0,112.461,260.133,238.692,98.378,344.452,14.467,16.56,6.8,20.8
WCL,FF,360,6511,0.0,1.0,112.461,260.133,238.692,98.378,344.452,14.467,16.56,6.8,20.8
WCL,FF,370,6970,36.509,0.97,112.461,260.133,238.692,134.887,380.961,17.293,17.475,7.8,21.8
WCL,FF,380,7906,3.532,1.0,112.461,260.133,238.692,134.372,373.064,16.589,16.881,8.1,22.1
WCL,FF,390,1007,2.465,1.0,112.461,260.133,238.692,136.837,375.529,16.687,16.916,8.2,22.2
WCL,FF,400,6547,2.338,1.0,112.461,260.133,238.692,139.175,377.867,16.973,17.021,8.2,22.2
WCL,FF,410,8792,0.0,1.0,112.461,260.133,238.692,139.175,377.867,16.768,16.945,8.3,22.3
WCL,FF,420,7226,0.0,1.0,112.461,260.133,238.692,139.175,377.867,16.568,16.869,8.4,22.4
WCL,FF,430,7391,0.0,1.0,112.461,260.133,238.692,139.175,377.867,16.568,16.869,8.4,22.4
WCL,FF,440,7356,0.0,1.0,112.461,260.133,238.692,139.175,377.867,16.568,16.869,8.4,22.4
WCL,FF,450,7354,3.192,1.0,112.461,260.133,238.692,142.367,381.059,16.749,16.936,8.5,22.5
WCL,FF,460,7475,2.359,1.0,112.461,260.133,238.692,144.726,383.418,16.829,16.965,8.6,22.6
WCL,FF,470,7345,0.0,1.0,112.461,260.133,238.692,144.726,383.418,16.635,16.891,8.7,22.7
WCL,FF,480,7399,2.946,1.0,112.461,260.133,238.692,147.672,386.364,16.781,16.946,8.8,22.8
